%Warning-SPECIFYIGN: vendor/ihp-io/sg13g2_io.v:177:42: Ignoring unsupported: specify block construct
  177 |   (posedge pad => (p2c : pad)) = (0.0,0.0);
      |                                          ^
                     ... For warning description see https://verilator.org/warn/SPECIFYIGN?v=0.000
                     ... Use "/* verilator lint_off SPECIFYIGN */" and lint_on around source to disable this message.
%Warning-SPECIFYIGN: vendor/ihp-io/sg13g2_io.v:206:42: Ignoring unsupported: specify block construct
  206 |   (posedge c2p => (pad : c2p)) = (0.0,0.0);
      |                                          ^
%Warning-SPECIFYIGN: vendor/ihp-io/sg13g2_io.v:235:42: Ignoring unsupported: specify block construct
  235 |   (posedge c2p => (pad : c2p)) = (0.0,0.0);
      |                                          ^
%Warning-SPECIFYIGN: vendor/ihp-io/sg13g2_io.v:264:42: Ignoring unsupported: specify block construct
  264 |   (posedge c2p => (pad : c2p)) = (0.0,0.0);
      |                                          ^
%Warning-SPECIFYIGN: vendor/ihp-io/sg13g2_io.v:294:42: Ignoring unsupported: specify block construct
  294 |   (posedge c2p => (pad : c2p)) = (0.0,0.0);
      |                                          ^
%Warning-SPECIFYIGN: vendor/ihp-io/sg13g2_io.v:326:42: Ignoring unsupported: specify block construct
  326 |   (posedge c2p => (pad : c2p)) = (0.0,0.0);
      |                                          ^
%Warning-SPECIFYIGN: vendor/ihp-io/sg13g2_io.v:358:42: Ignoring unsupported: specify block construct
  358 |   (posedge c2p => (pad : c2p)) = (0.0,0.0);
      |                                          ^
%Warning-SPECIFYIGN: vendor/ihp-io/sg13g2_io.v:392:42: Ignoring unsupported: specify block construct
  392 |   (posedge pad => (p2c : pad)) = (0.0,0.0);
      |                                          ^
%Warning-SPECIFYIGN: vendor/ihp-io/sg13g2_io.v:428:42: Ignoring unsupported: specify block construct
  428 |   (posedge pad => (p2c : pad)) = (0.0,0.0);
      |                                          ^
%Warning-SPECIFYIGN: vendor/ihp-io/sg13g2_io.v:464:42: Ignoring unsupported: specify block construct
  464 |   (posedge pad => (p2c : pad)) = (0.0,0.0);
      |                                          ^
%Warning-TIMESCALEMOD: vendor/el2/design/include/el2_def.sv:4:9: Timescale missing on this module as other modules have it (IEEE 1800-2023 3.14.2.3)
    4 | package el2_pkg;
      |         ^~~~~~~
                       vendor/ihp-io/sg13g2_io.v:23:8: ... Location of module with timescale
   23 | module sg13g2_Corner (vdd, vss, iovdd, iovss);
      |        ^~~~~~~~~~~~~
                       ... For warning description see https://verilator.org/warn/TIMESCALEMOD?v=0.000
                       ... Use "/* verilator lint_off TIMESCALEMOD */" and lint_on around source to disable this message.
%Warning-TIMESCALEMOD: vendor/el2/design/el2_mubi_pkg.sv:20:9: Timescale missing on this module as other modules have it (IEEE 1800-2023 3.14.2.3)
   20 | package el2_mubi_pkg;
      |         ^~~~~~~~~~~~
                       vendor/ihp-io/sg13g2_io.v:23:8: ... Location of module with timescale
   23 | module sg13g2_Corner (vdd, vss, iovdd, iovss);
      |        ^~~~~~~~~~~~~
%Warning-TIMESCALEMOD: vendor/el2/design/el2_veer_wrapper.sv:27:8: Timescale missing on this module as other modules have it (IEEE 1800-2023 3.14.2.3)
   27 | module el2_veer_wrapper
      |        ^~~~~~~~~~~~~~~~
                       vendor/ihp-io/sg13g2_io.v:23:8: ... Location of module with timescale
   23 | module sg13g2_Corner (vdd, vss, iovdd, iovss);
      |        ^~~~~~~~~~~~~
%Warning-TIMESCALEMOD: vendor/el2/design/el2_lockstep_pkg.sv:16:9: Timescale missing on this module as other modules have it (IEEE 1800-2023 3.14.2.3)
   16 | package el2_lockstep_pkg;
      |         ^~~~~~~~~~~~~~~~
                       vendor/ihp-io/sg13g2_io.v:23:8: ... Location of module with timescale
   23 | module sg13g2_Corner (vdd, vss, iovdd, iovss);
      |        ^~~~~~~~~~~~~
%Warning-TIMESCALEMOD: vendor/el2/design/el2_veer_lockstep.sv:16:8: Timescale missing on this module as other modules have it (IEEE 1800-2023 3.14.2.3)
   16 | module el2_veer_lockstep
      |        ^~~~~~~~~~~~~~~~~
                       vendor/ihp-io/sg13g2_io.v:23:8: ... Location of module with timescale
   23 | module sg13g2_Corner (vdd, vss, iovdd, iovss);
      |        ^~~~~~~~~~~~~
%Warning-TIMESCALEMOD: vendor/el2/design/el2_mem.sv:19:8: Timescale missing on this module as other modules have it (IEEE 1800-2023 3.14.2.3)
   19 | module el2_mem
      |        ^~~~~~~
                       vendor/ihp-io/sg13g2_io.v:23:8: ... Location of module with timescale
   23 | module sg13g2_Corner (vdd, vss, iovdd, iovss);
      |        ^~~~~~~~~~~~~
%Warning-TIMESCALEMOD: vendor/el2/design/el2_pic_ctrl.sv:23:8: Timescale missing on this module as other modules have it (IEEE 1800-2023 3.14.2.3)
   23 | module el2_pic_ctrl 
      |        ^~~~~~~~~~~~
                       vendor/ihp-io/sg13g2_io.v:23:8: ... Location of module with timescale
   23 | module sg13g2_Corner (vdd, vss, iovdd, iovss);
      |        ^~~~~~~~~~~~~
%Warning-TIMESCALEMOD: vendor/el2/design/el2_pic_ctrl.sv:541:8: Timescale missing on this module as other modules have it (IEEE 1800-2023 3.14.2.3)
  541 | module el2_cmp_and_mux #(parameter ID_BITS=8,
      |        ^~~~~~~~~~~~~~~
                       vendor/ihp-io/sg13g2_io.v:23:8: ... Location of module with timescale
   23 | module sg13g2_Corner (vdd, vss, iovdd, iovss);
      |        ^~~~~~~~~~~~~
%Warning-TIMESCALEMOD: vendor/el2/design/el2_pic_ctrl.sv:566:8: Timescale missing on this module as other modules have it (IEEE 1800-2023 3.14.2.3)
  566 | module el2_configurable_gw (
      |        ^~~~~~~~~~~~~~~~~~~
                       vendor/ihp-io/sg13g2_io.v:23:8: ... Location of module with timescale
   23 | module sg13g2_Corner (vdd, vss, iovdd, iovss);
      |        ^~~~~~~~~~~~~
%Warning-TIMESCALEMOD: vendor/el2/design/el2_veer.sv:23:8: Timescale missing on this module as other modules have it (IEEE 1800-2023 3.14.2.3)
   23 | module el2_veer
      |        ^~~~~~~~
                       vendor/ihp-io/sg13g2_io.v:23:8: ... Location of module with timescale
   23 | module sg13g2_Corner (vdd, vss, iovdd, iovss);
      |        ^~~~~~~~~~~~~
%Warning-TIMESCALEMOD: vendor/el2/design/el2_dma_ctrl.sv:24:8: Timescale missing on this module as other modules have it (IEEE 1800-2023 3.14.2.3)
   24 | module el2_dma_ctrl 
      |        ^~~~~~~~~~~~
                       vendor/ihp-io/sg13g2_io.v:23:8: ... Location of module with timescale
   23 | module sg13g2_Corner (vdd, vss, iovdd, iovss);
      |        ^~~~~~~~~~~~~
%Warning-TIMESCALEMOD: vendor/el2/design/el2_pmp.sv:17:8: Timescale missing on this module as other modules have it (IEEE 1800-2023 3.14.2.3)
   17 | module el2_pmp
      |        ^~~~~~~
                       vendor/ihp-io/sg13g2_io.v:23:8: ... Location of module with timescale
   23 | module sg13g2_Corner (vdd, vss, iovdd, iovss);
      |        ^~~~~~~~~~~~~
%Warning-TIMESCALEMOD: vendor/el2/design/ifu/el2_ifu_aln_ctl.sv:21:8: Timescale missing on this module as other modules have it (IEEE 1800-2023 3.14.2.3)
   21 | module el2_ifu_aln_ctl
      |        ^~~~~~~~~~~~~~~
                       vendor/ihp-io/sg13g2_io.v:23:8: ... Location of module with timescale
   23 | module sg13g2_Corner (vdd, vss, iovdd, iovss);
      |        ^~~~~~~~~~~~~
%Warning-TIMESCALEMOD: vendor/el2/design/ifu/el2_ifu_compress_ctl.sv:20:8: Timescale missing on this module as other modules have it (IEEE 1800-2023 3.14.2.3)
   20 | module el2_ifu_compress_ctl
      |        ^~~~~~~~~~~~~~~~~~~~
                       vendor/ihp-io/sg13g2_io.v:23:8: ... Location of module with timescale
   23 | module sg13g2_Corner (vdd, vss, iovdd, iovss);
      |        ^~~~~~~~~~~~~
%Warning-TIMESCALEMOD: vendor/el2/design/ifu/el2_ifu_ifc_ctl.sv:23:8: Timescale missing on this module as other modules have it (IEEE 1800-2023 3.14.2.3)
   23 | module el2_ifu_ifc_ctl
      |        ^~~~~~~~~~~~~~~
                       vendor/ihp-io/sg13g2_io.v:23:8: ... Location of module with timescale
   23 | module sg13g2_Corner (vdd, vss, iovdd, iovss);
      |        ^~~~~~~~~~~~~
%Warning-TIMESCALEMOD: vendor/el2/design/ifu/el2_ifu_bp_ctl.sv:27:8: Timescale missing on this module as other modules have it (IEEE 1800-2023 3.14.2.3)
   27 | module el2_ifu_bp_ctl
      |        ^~~~~~~~~~~~~~
                       vendor/ihp-io/sg13g2_io.v:23:8: ... Location of module with timescale
   23 | module sg13g2_Corner (vdd, vss, iovdd, iovss);
      |        ^~~~~~~~~~~~~
%Warning-TIMESCALEMOD: vendor/el2/design/ifu/el2_ifu_ic_mem.sv:20:8: Timescale missing on this module as other modules have it (IEEE 1800-2023 3.14.2.3)
   20 | module el2_ifu_ic_mem
      |        ^~~~~~~~~~~~~~
                       vendor/ihp-io/sg13g2_io.v:23:8: ... Location of module with timescale
   23 | module sg13g2_Corner (vdd, vss, iovdd, iovss);
      |        ^~~~~~~~~~~~~
%Warning-TIMESCALEMOD: vendor/el2/design/ifu/el2_ifu_ic_mem.sv:111:8: Timescale missing on this module as other modules have it (IEEE 1800-2023 3.14.2.3)
  111 | module EL2_IC_DATA
      |        ^~~~~~~~~~~
                       vendor/ihp-io/sg13g2_io.v:23:8: ... Location of module with timescale
   23 | module sg13g2_Corner (vdd, vss, iovdd, iovss);
      |        ^~~~~~~~~~~~~
%Warning-TIMESCALEMOD: vendor/el2/design/ifu/el2_ifu_ic_mem.sv:682:8: Timescale missing on this module as other modules have it (IEEE 1800-2023 3.14.2.3)
  682 | module EL2_IC_TAG
      |        ^~~~~~~~~~
                       vendor/ihp-io/sg13g2_io.v:23:8: ... Location of module with timescale
   23 | module sg13g2_Corner (vdd, vss, iovdd, iovss);
      |        ^~~~~~~~~~~~~
%Warning-TIMESCALEMOD: vendor/el2/design/ifu/el2_ifu_mem_ctl.sv:24:8: Timescale missing on this module as other modules have it (IEEE 1800-2023 3.14.2.3)
   24 | module el2_ifu_mem_ctl
      |        ^~~~~~~~~~~~~~~
                       vendor/ihp-io/sg13g2_io.v:23:8: ... Location of module with timescale
   23 | module sg13g2_Corner (vdd, vss, iovdd, iovss);
      |        ^~~~~~~~~~~~~
%Warning-TIMESCALEMOD: vendor/el2/design/ifu/el2_ifu_iccm_mem.sv:23:8: Timescale missing on this module as other modules have it (IEEE 1800-2023 3.14.2.3)
   23 | module el2_ifu_iccm_mem
      |        ^~~~~~~~~~~~~~~~
                       vendor/ihp-io/sg13g2_io.v:23:8: ... Location of module with timescale
   23 | module sg13g2_Corner (vdd, vss, iovdd, iovss);
      |        ^~~~~~~~~~~~~
%Warning-TIMESCALEMOD: vendor/el2/design/ifu/el2_ifu.sv:22:8: Timescale missing on this module as other modules have it (IEEE 1800-2023 3.14.2.3)
   22 | module el2_ifu
      |        ^~~~~~~
                       vendor/ihp-io/sg13g2_io.v:23:8: ... Location of module with timescale
   23 | module sg13g2_Corner (vdd, vss, iovdd, iovss);
      |        ^~~~~~~~~~~~~
%Warning-TIMESCALEMOD: vendor/el2/design/dec/el2_dec_decode_ctl.sv:17:8: Timescale missing on this module as other modules have it (IEEE 1800-2023 3.14.2.3)
   17 | module el2_dec_decode_ctl
      |        ^~~~~~~~~~~~~~~~~~
                       vendor/ihp-io/sg13g2_io.v:23:8: ... Location of module with timescale
   23 | module sg13g2_Corner (vdd, vss, iovdd, iovss);
      |        ^~~~~~~~~~~~~
%Warning-TIMESCALEMOD: vendor/el2/design/dec/el2_dec_decode_ctl.sv:1510:8: Timescale missing on this module as other modules have it (IEEE 1800-2023 3.14.2.3)
 1510 | module el2_dec_dec_ctl
      |        ^~~~~~~~~~~~~~~
                       vendor/ihp-io/sg13g2_io.v:23:8: ... Location of module with timescale
   23 | module sg13g2_Corner (vdd, vss, iovdd, iovss);
      |        ^~~~~~~~~~~~~
%Warning-TIMESCALEMOD: vendor/el2/design/dec/el2_dec_gpr_ctl.sv:16:8: Timescale missing on this module as other modules have it (IEEE 1800-2023 3.14.2.3)
   16 | module el2_dec_gpr_ctl
      |        ^~~~~~~~~~~~~~~
                       vendor/ihp-io/sg13g2_io.v:23:8: ... Location of module with timescale
   23 | module sg13g2_Corner (vdd, vss, iovdd, iovss);
      |        ^~~~~~~~~~~~~
%Warning-TIMESCALEMOD: vendor/el2/design/dec/el2_dec_ib_ctl.sv:16:8: Timescale missing on this module as other modules have it (IEEE 1800-2023 3.14.2.3)
   16 | module el2_dec_ib_ctl
      |        ^~~~~~~~~~~~~~
                       vendor/ihp-io/sg13g2_io.v:23:8: ... Location of module with timescale
   23 | module sg13g2_Corner (vdd, vss, iovdd, iovss);
      |        ^~~~~~~~~~~~~
%Warning-TIMESCALEMOD: vendor/el2/design/dec/el2_dec_pmp_ctl.sv:26:8: Timescale missing on this module as other modules have it (IEEE 1800-2023 3.14.2.3)
   26 | module el2_dec_pmp_ctl
      |        ^~~~~~~~~~~~~~~
                       vendor/ihp-io/sg13g2_io.v:23:8: ... Location of module with timescale
   23 | module sg13g2_Corner (vdd, vss, iovdd, iovss);
      |        ^~~~~~~~~~~~~
%Warning-TIMESCALEMOD: vendor/el2/design/dec/el2_dec_tlu_ctl.sv:26:8: Timescale missing on this module as other modules have it (IEEE 1800-2023 3.14.2.3)
   26 | module el2_dec_tlu_ctl
      |        ^~~~~~~~~~~~~~~
                       vendor/ihp-io/sg13g2_io.v:23:8: ... Location of module with timescale
   23 | module sg13g2_Corner (vdd, vss, iovdd, iovss);
      |        ^~~~~~~~~~~~~
%Warning-TIMESCALEMOD: vendor/el2/design/dec/el2_dec_tlu_ctl.sv:3047:8: Timescale missing on this module as other modules have it (IEEE 1800-2023 3.14.2.3)
 3047 | module el2_dec_timer_ctl
      |        ^~~~~~~~~~~~~~~~~
                       vendor/ihp-io/sg13g2_io.v:23:8: ... Location of module with timescale
   23 | module sg13g2_Corner (vdd, vss, iovdd, iovss);
      |        ^~~~~~~~~~~~~
%Warning-TIMESCALEMOD: vendor/el2/design/dec/el2_dec_trigger.sv:25:8: Timescale missing on this module as other modules have it (IEEE 1800-2023 3.14.2.3)
   25 | module el2_dec_trigger
      |        ^~~~~~~~~~~~~~~
                       vendor/ihp-io/sg13g2_io.v:23:8: ... Location of module with timescale
   23 | module sg13g2_Corner (vdd, vss, iovdd, iovss);
      |        ^~~~~~~~~~~~~
%Warning-TIMESCALEMOD: vendor/el2/design/dec/el2_dec.sv:30:8: Timescale missing on this module as other modules have it (IEEE 1800-2023 3.14.2.3)
   30 | module el2_dec
      |        ^~~~~~~
                       vendor/ihp-io/sg13g2_io.v:23:8: ... Location of module with timescale
   23 | module sg13g2_Corner (vdd, vss, iovdd, iovss);
      |        ^~~~~~~~~~~~~
%Warning-TIMESCALEMOD: vendor/el2/design/exu/el2_exu_alu_ctl.sv:17:8: Timescale missing on this module as other modules have it (IEEE 1800-2023 3.14.2.3)
   17 | module el2_exu_alu_ctl
      |        ^~~~~~~~~~~~~~~
                       vendor/ihp-io/sg13g2_io.v:23:8: ... Location of module with timescale
   23 | module sg13g2_Corner (vdd, vss, iovdd, iovss);
      |        ^~~~~~~~~~~~~
%Warning-TIMESCALEMOD: vendor/el2/design/exu/el2_exu_mul_ctl.sv:17:8: Timescale missing on this module as other modules have it (IEEE 1800-2023 3.14.2.3)
   17 | module el2_exu_mul_ctl
      |        ^~~~~~~~~~~~~~~
                       vendor/ihp-io/sg13g2_io.v:23:8: ... Location of module with timescale
   23 | module sg13g2_Corner (vdd, vss, iovdd, iovss);
      |        ^~~~~~~~~~~~~
%Warning-TIMESCALEMOD: vendor/el2/design/exu/el2_exu_div_ctl.sv:17:8: Timescale missing on this module as other modules have it (IEEE 1800-2023 3.14.2.3)
   17 | module el2_exu_div_ctl
      |        ^~~~~~~~~~~~~~~
                       vendor/ihp-io/sg13g2_io.v:23:8: ... Location of module with timescale
   23 | module sg13g2_Corner (vdd, vss, iovdd, iovss);
      |        ^~~~~~~~~~~~~
%Warning-TIMESCALEMOD: vendor/el2/design/exu/el2_exu_div_ctl.sv:142:8: Timescale missing on this module as other modules have it (IEEE 1800-2023 3.14.2.3)
  142 | module el2_exu_div_existing_1bit_cheapshortq
      |        ^~~~~~~~~~~~~~~~~~~~~~~~~~~~~~~~~~~~~
                       vendor/ihp-io/sg13g2_io.v:23:8: ... Location of module with timescale
   23 | module sg13g2_Corner (vdd, vss, iovdd, iovss);
      |        ^~~~~~~~~~~~~
%Warning-TIMESCALEMOD: vendor/el2/design/exu/el2_exu_div_ctl.sv:453:8: Timescale missing on this module as other modules have it (IEEE 1800-2023 3.14.2.3)
  453 | module el2_exu_div_new_1bit_fullshortq
      |        ^~~~~~~~~~~~~~~~~~~~~~~~~~~~~~~
                       vendor/ihp-io/sg13g2_io.v:23:8: ... Location of module with timescale
   23 | module sg13g2_Corner (vdd, vss, iovdd, iovss);
      |        ^~~~~~~~~~~~~
%Warning-TIMESCALEMOD: vendor/el2/design/exu/el2_exu_div_ctl.sv:714:8: Timescale missing on this module as other modules have it (IEEE 1800-2023 3.14.2.3)
  714 | module el2_exu_div_new_2bit_fullshortq
      |        ^~~~~~~~~~~~~~~~~~~~~~~~~~~~~~~
                       vendor/ihp-io/sg13g2_io.v:23:8: ... Location of module with timescale
   23 | module sg13g2_Corner (vdd, vss, iovdd, iovss);
      |        ^~~~~~~~~~~~~
%Warning-TIMESCALEMOD: vendor/el2/design/exu/el2_exu_div_ctl.sv:991:8: Timescale missing on this module as other modules have it (IEEE 1800-2023 3.14.2.3)
  991 | module el2_exu_div_new_3bit_fullshortq
      |        ^~~~~~~~~~~~~~~~~~~~~~~~~~~~~~~
                       vendor/ihp-io/sg13g2_io.v:23:8: ... Location of module with timescale
   23 | module sg13g2_Corner (vdd, vss, iovdd, iovss);
      |        ^~~~~~~~~~~~~
%Warning-TIMESCALEMOD: vendor/el2/design/exu/el2_exu_div_ctl.sv:1326:8: Timescale missing on this module as other modules have it (IEEE 1800-2023 3.14.2.3)
 1326 | module el2_exu_div_new_4bit_fullshortq
      |        ^~~~~~~~~~~~~~~~~~~~~~~~~~~~~~~
                       vendor/ihp-io/sg13g2_io.v:23:8: ... Location of module with timescale
   23 | module sg13g2_Corner (vdd, vss, iovdd, iovss);
      |        ^~~~~~~~~~~~~
%Warning-TIMESCALEMOD: vendor/el2/design/exu/el2_exu_div_ctl.sv:1736:8: Timescale missing on this module as other modules have it (IEEE 1800-2023 3.14.2.3)
 1736 | module el2_exu_div_cls
      |        ^~~~~~~~~~~~~~~
                       vendor/ihp-io/sg13g2_io.v:23:8: ... Location of module with timescale
   23 | module sg13g2_Corner (vdd, vss, iovdd, iovss);
      |        ^~~~~~~~~~~~~
%Warning-TIMESCALEMOD: vendor/el2/design/exu/el2_exu.sv:17:8: Timescale missing on this module as other modules have it (IEEE 1800-2023 3.14.2.3)
   17 | module el2_exu
      |        ^~~~~~~
                       vendor/ihp-io/sg13g2_io.v:23:8: ... Location of module with timescale
   23 | module sg13g2_Corner (vdd, vss, iovdd, iovss);
      |        ^~~~~~~~~~~~~
%Warning-TIMESCALEMOD: vendor/el2/design/lsu/el2_lsu.sv:28:8: Timescale missing on this module as other modules have it (IEEE 1800-2023 3.14.2.3)
   28 | module el2_lsu
      |        ^~~~~~~
                       vendor/ihp-io/sg13g2_io.v:23:8: ... Location of module with timescale
   23 | module sg13g2_Corner (vdd, vss, iovdd, iovss);
      |        ^~~~~~~~~~~~~
%Warning-TIMESCALEMOD: vendor/el2/design/lsu/el2_lsu_clkdomain.sv:26:8: Timescale missing on this module as other modules have it (IEEE 1800-2023 3.14.2.3)
   26 | module el2_lsu_clkdomain
      |        ^~~~~~~~~~~~~~~~~
                       vendor/ihp-io/sg13g2_io.v:23:8: ... Location of module with timescale
   23 | module sg13g2_Corner (vdd, vss, iovdd, iovss);
      |        ^~~~~~~~~~~~~
%Warning-TIMESCALEMOD: vendor/el2/design/lsu/el2_lsu_addrcheck.sv:25:8: Timescale missing on this module as other modules have it (IEEE 1800-2023 3.14.2.3)
   25 | module el2_lsu_addrcheck
      |        ^~~~~~~~~~~~~~~~~
                       vendor/ihp-io/sg13g2_io.v:23:8: ... Location of module with timescale
   23 | module sg13g2_Corner (vdd, vss, iovdd, iovss);
      |        ^~~~~~~~~~~~~
%Warning-TIMESCALEMOD: vendor/el2/design/lsu/el2_lsu_lsc_ctl.sv:28:8: Timescale missing on this module as other modules have it (IEEE 1800-2023 3.14.2.3)
   28 | module el2_lsu_lsc_ctl
      |        ^~~~~~~~~~~~~~~
                       vendor/ihp-io/sg13g2_io.v:23:8: ... Location of module with timescale
   23 | module sg13g2_Corner (vdd, vss, iovdd, iovss);
      |        ^~~~~~~~~~~~~
%Warning-TIMESCALEMOD: vendor/el2/design/lsu/el2_lsu_stbuf.sv:30:8: Timescale missing on this module as other modules have it (IEEE 1800-2023 3.14.2.3)
   30 | module el2_lsu_stbuf
      |        ^~~~~~~~~~~~~
                       vendor/ihp-io/sg13g2_io.v:23:8: ... Location of module with timescale
   23 | module sg13g2_Corner (vdd, vss, iovdd, iovss);
      |        ^~~~~~~~~~~~~
%Warning-TIMESCALEMOD: vendor/el2/design/lsu/el2_lsu_bus_buffer.sv:26:8: Timescale missing on this module as other modules have it (IEEE 1800-2023 3.14.2.3)
   26 | module el2_lsu_bus_buffer
      |        ^~~~~~~~~~~~~~~~~~
                       vendor/ihp-io/sg13g2_io.v:23:8: ... Location of module with timescale
   23 | module sg13g2_Corner (vdd, vss, iovdd, iovss);
      |        ^~~~~~~~~~~~~
%Warning-TIMESCALEMOD: vendor/el2/design/lsu/el2_lsu_bus_intf.sv:25:8: Timescale missing on this module as other modules have it (IEEE 1800-2023 3.14.2.3)
   25 | module el2_lsu_bus_intf
      |        ^~~~~~~~~~~~~~~~
                       vendor/ihp-io/sg13g2_io.v:23:8: ... Location of module with timescale
   23 | module sg13g2_Corner (vdd, vss, iovdd, iovss);
      |        ^~~~~~~~~~~~~
%Warning-TIMESCALEMOD: vendor/el2/design/lsu/el2_lsu_ecc.sv:28:8: Timescale missing on this module as other modules have it (IEEE 1800-2023 3.14.2.3)
   28 | module el2_lsu_ecc
      |        ^~~~~~~~~~~
                       vendor/ihp-io/sg13g2_io.v:23:8: ... Location of module with timescale
   23 | module sg13g2_Corner (vdd, vss, iovdd, iovss);
      |        ^~~~~~~~~~~~~
%Warning-TIMESCALEMOD: vendor/el2/design/lsu/el2_lsu_dccm_mem.sv:30:8: Timescale missing on this module as other modules have it (IEEE 1800-2023 3.14.2.3)
   30 | module el2_lsu_dccm_mem
      |        ^~~~~~~~~~~~~~~~
                       vendor/ihp-io/sg13g2_io.v:23:8: ... Location of module with timescale
   23 | module sg13g2_Corner (vdd, vss, iovdd, iovss);
      |        ^~~~~~~~~~~~~
%Warning-TIMESCALEMOD: vendor/el2/design/lsu/el2_lsu_dccm_ctl.sv:29:8: Timescale missing on this module as other modules have it (IEEE 1800-2023 3.14.2.3)
   29 | module el2_lsu_dccm_ctl
      |        ^~~~~~~~~~~~~~~~
                       vendor/ihp-io/sg13g2_io.v:23:8: ... Location of module with timescale
   23 | module sg13g2_Corner (vdd, vss, iovdd, iovss);
      |        ^~~~~~~~~~~~~
%Warning-TIMESCALEMOD: vendor/el2/design/lsu/el2_lsu_trigger.sv:25:8: Timescale missing on this module as other modules have it (IEEE 1800-2023 3.14.2.3)
   25 | module el2_lsu_trigger
      |        ^~~~~~~~~~~~~~~
                       vendor/ihp-io/sg13g2_io.v:23:8: ... Location of module with timescale
   23 | module sg13g2_Corner (vdd, vss, iovdd, iovss);
      |        ^~~~~~~~~~~~~
%Warning-TIMESCALEMOD: vendor/el2/design/dbg/el2_dbg.sv:24:8: Timescale missing on this module as other modules have it (IEEE 1800-2023 3.14.2.3)
   24 | module el2_dbg
      |        ^~~~~~~
                       vendor/ihp-io/sg13g2_io.v:23:8: ... Location of module with timescale
   23 | module sg13g2_Corner (vdd, vss, iovdd, iovss);
      |        ^~~~~~~~~~~~~
%Warning-TIMESCALEMOD: vendor/el2/design/dmi/dmi_mux.v:4:8: Timescale missing on this module as other modules have it (IEEE 1800-2023 3.14.2.3)
    4 | module dmi_mux (
      |        ^~~~~~~
                       vendor/ihp-io/sg13g2_io.v:23:8: ... Location of module with timescale
   23 | module sg13g2_Corner (vdd, vss, iovdd, iovss);
      |        ^~~~~~~~~~~~~
%Warning-TIMESCALEMOD: vendor/el2/design/dmi/dmi_wrapper.v:24:8: Timescale missing on this module as other modules have it (IEEE 1800-2023 3.14.2.3)
   24 | module dmi_wrapper(
      |        ^~~~~~~~~~~
                       vendor/ihp-io/sg13g2_io.v:23:8: ... Location of module with timescale
   23 | module sg13g2_Corner (vdd, vss, iovdd, iovss);
      |        ^~~~~~~~~~~~~
%Warning-TIMESCALEMOD: vendor/el2/design/dmi/dmi_jtag_to_core_sync.v:25:8: Timescale missing on this module as other modules have it (IEEE 1800-2023 3.14.2.3)
   25 | module dmi_jtag_to_core_sync (
      |        ^~~~~~~~~~~~~~~~~~~~~
                       vendor/ihp-io/sg13g2_io.v:23:8: ... Location of module with timescale
   23 | module sg13g2_Corner (vdd, vss, iovdd, iovss);
      |        ^~~~~~~~~~~~~
%Warning-TIMESCALEMOD: vendor/el2/design/dmi/rvjtag_tap.v:16:8: Timescale missing on this module as other modules have it (IEEE 1800-2023 3.14.2.3)
   16 | module rvjtag_tap #(
      |        ^~~~~~~~~~
                       vendor/ihp-io/sg13g2_io.v:23:8: ... Location of module with timescale
   23 | module sg13g2_Corner (vdd, vss, iovdd, iovss);
      |        ^~~~~~~~~~~~~
%Warning-TIMESCALEMOD: vendor/el2/design/lib/el2_lib.sv:1:8: Timescale missing on this module as other modules have it (IEEE 1800-2023 3.14.2.3)
    1 | module el2_btb_tag_hash
      |        ^~~~~~~~~~~~~~~~
                       vendor/ihp-io/sg13g2_io.v:23:8: ... Location of module with timescale
   23 | module sg13g2_Corner (vdd, vss, iovdd, iovss);
      |        ^~~~~~~~~~~~~
%Warning-TIMESCALEMOD: vendor/el2/design/lib/el2_lib.sv:15:8: Timescale missing on this module as other modules have it (IEEE 1800-2023 3.14.2.3)
   15 | module el2_btb_tag_hash_fold
      |        ^~~~~~~~~~~~~~~~~~~~~
                       vendor/ihp-io/sg13g2_io.v:23:8: ... Location of module with timescale
   23 | module sg13g2_Corner (vdd, vss, iovdd, iovss);
      |        ^~~~~~~~~~~~~
%Warning-TIMESCALEMOD: vendor/el2/design/lib/el2_lib.sv:30:8: Timescale missing on this module as other modules have it (IEEE 1800-2023 3.14.2.3)
   30 | module el2_btb_addr_hash
      |        ^~~~~~~~~~~~~~~~~
                       vendor/ihp-io/sg13g2_io.v:23:8: ... Location of module with timescale
   23 | module sg13g2_Corner (vdd, vss, iovdd, iovss);
      |        ^~~~~~~~~~~~~
%Warning-TIMESCALEMOD: vendor/el2/design/lib/el2_lib.sv:52:8: Timescale missing on this module as other modules have it (IEEE 1800-2023 3.14.2.3)
   52 | module el2_btb_ghr_hash
      |        ^~~~~~~~~~~~~~~~
                       vendor/ihp-io/sg13g2_io.v:23:8: ... Location of module with timescale
   23 | module sg13g2_Corner (vdd, vss, iovdd, iovss);
      |        ^~~~~~~~~~~~~
%Warning-TIMESCALEMOD: vendor/el2/design/lib/el2_prim_generic_buf.sv:17:8: Timescale missing on this module as other modules have it (IEEE 1800-2023 3.14.2.3)
   17 | module el2_prim_generic_buf #(
      |        ^~~~~~~~~~~~~~~~~~~~
                       vendor/ihp-io/sg13g2_io.v:23:8: ... Location of module with timescale
   23 | module sg13g2_Corner (vdd, vss, iovdd, iovss);
      |        ^~~~~~~~~~~~~
%Warning-TIMESCALEMOD: vendor/el2/design/lib/el2_prim_buf.sv:11:8: Timescale missing on this module as other modules have it (IEEE 1800-2023 3.14.2.3)
   11 | module el2_prim_buf #(
      |        ^~~~~~~~~~~~
                       vendor/ihp-io/sg13g2_io.v:23:8: ... Location of module with timescale
   23 | module sg13g2_Corner (vdd, vss, iovdd, iovss);
      |        ^~~~~~~~~~~~~
%Warning-TIMESCALEMOD: vendor/el2/design/lib/beh_lib.sv:19:8: Timescale missing on this module as other modules have it (IEEE 1800-2023 3.14.2.3)
   19 | module rvdff #( parameter WIDTH=1, SHORT=0 )
      |        ^~~~~
                       vendor/ihp-io/sg13g2_io.v:23:8: ... Location of module with timescale
   23 | module sg13g2_Corner (vdd, vss, iovdd, iovss);
      |        ^~~~~~~~~~~~~
%Warning-TIMESCALEMOD: vendor/el2/design/lib/beh_lib.sv:49:8: Timescale missing on this module as other modules have it (IEEE 1800-2023 3.14.2.3)
   49 | module rvdffs #( parameter WIDTH=1, SHORT=0 )
      |        ^~~~~~
                       vendor/ihp-io/sg13g2_io.v:23:8: ... Location of module with timescale
   23 | module sg13g2_Corner (vdd, vss, iovdd, iovss);
      |        ^~~~~~~~~~~~~
%Warning-TIMESCALEMOD: vendor/el2/design/lib/beh_lib.sv:68:8: Timescale missing on this module as other modules have it (IEEE 1800-2023 3.14.2.3)
   68 | module rvdffsc #( parameter WIDTH=1, SHORT=0 )
      |        ^~~~~~~
                       vendor/ihp-io/sg13g2_io.v:23:8: ... Location of module with timescale
   23 | module sg13g2_Corner (vdd, vss, iovdd, iovss);
      |        ^~~~~~~~~~~~~
%Warning-TIMESCALEMOD: vendor/el2/design/lib/beh_lib.sv:89:8: Timescale missing on this module as other modules have it (IEEE 1800-2023 3.14.2.3)
   89 | module rvdff_fpga #( parameter WIDTH=1, SHORT=0 )
      |        ^~~~~~~~~~
                       vendor/ihp-io/sg13g2_io.v:23:8: ... Location of module with timescale
   23 | module sg13g2_Corner (vdd, vss, iovdd, iovss);
      |        ^~~~~~~~~~~~~
%Warning-TIMESCALEMOD: vendor/el2/design/lib/beh_lib.sv:113:8: Timescale missing on this module as other modules have it (IEEE 1800-2023 3.14.2.3)
  113 | module rvdffs_fpga #( parameter WIDTH=1, SHORT=0 )
      |        ^~~~~~~~~~~
                       vendor/ihp-io/sg13g2_io.v:23:8: ... Location of module with timescale
   23 | module sg13g2_Corner (vdd, vss, iovdd, iovss);
      |        ^~~~~~~~~~~~~
%Warning-TIMESCALEMOD: vendor/el2/design/lib/beh_lib.sv:139:8: Timescale missing on this module as other modules have it (IEEE 1800-2023 3.14.2.3)
  139 | module rvdffsc_fpga #( parameter WIDTH=1, SHORT=0 )
      |        ^~~~~~~~~~~~
                       vendor/ihp-io/sg13g2_io.v:23:8: ... Location of module with timescale
   23 | module sg13g2_Corner (vdd, vss, iovdd, iovss);
      |        ^~~~~~~~~~~~~
%Warning-TIMESCALEMOD: vendor/el2/design/lib/beh_lib.sv:166:8: Timescale missing on this module as other modules have it (IEEE 1800-2023 3.14.2.3)
  166 | module rvdffe #( parameter WIDTH=1, SHORT=0, OVERRIDE=0 )
      |        ^~~~~~
                       vendor/ihp-io/sg13g2_io.v:23:8: ... Location of module with timescale
   23 | module sg13g2_Corner (vdd, vss, iovdd, iovss);
      |        ^~~~~~~~~~~~~
%Warning-TIMESCALEMOD: vendor/el2/design/lib/beh_lib.sv:209:8: Timescale missing on this module as other modules have it (IEEE 1800-2023 3.14.2.3)
  209 | module rvdffpcie #( parameter WIDTH=31 )
      |        ^~~~~~~~~
                       vendor/ihp-io/sg13g2_io.v:23:8: ... Location of module with timescale
   23 | module sg13g2_Corner (vdd, vss, iovdd, iovss);
      |        ^~~~~~~~~~~~~
%Warning-TIMESCALEMOD: vendor/el2/design/lib/beh_lib.sv:245:8: Timescale missing on this module as other modules have it (IEEE 1800-2023 3.14.2.3)
  245 | module rvdfflie #( parameter WIDTH=16, LEFT=8 )
      |        ^~~~~~~~
                       vendor/ihp-io/sg13g2_io.v:23:8: ... Location of module with timescale
   23 | module sg13g2_Corner (vdd, vss, iovdd, iovss);
      |        ^~~~~~~~~~~~~
%Warning-TIMESCALEMOD: vendor/el2/design/lib/beh_lib.sv:303:8: Timescale missing on this module as other modules have it (IEEE 1800-2023 3.14.2.3)
  303 | module rvdffppe #( parameter integer WIDTH = 39 )
      |        ^~~~~~~~
                       vendor/ihp-io/sg13g2_io.v:23:8: ... Location of module with timescale
   23 | module sg13g2_Corner (vdd, vss, iovdd, iovss);
      |        ^~~~~~~~~~~~~
%Warning-TIMESCALEMOD: vendor/el2/design/lib/beh_lib.sv:349:8: Timescale missing on this module as other modules have it (IEEE 1800-2023 3.14.2.3)
  349 | module rvdffie #( parameter WIDTH=1, OVERRIDE=0 )
      |        ^~~~~~~
                       vendor/ihp-io/sg13g2_io.v:23:8: ... Location of module with timescale
   23 | module sg13g2_Corner (vdd, vss, iovdd, iovss);
      |        ^~~~~~~~~~~~~
%Warning-TIMESCALEMOD: vendor/el2/design/lib/beh_lib.sv:395:8: Timescale missing on this module as other modules have it (IEEE 1800-2023 3.14.2.3)
  395 | module rvdffiee #( parameter WIDTH=1, OVERRIDE=0 )
      |        ^~~~~~~~
                       vendor/ihp-io/sg13g2_io.v:23:8: ... Location of module with timescale
   23 | module sg13g2_Corner (vdd, vss, iovdd, iovss);
      |        ^~~~~~~~~~~~~
%Warning-TIMESCALEMOD: vendor/el2/design/lib/beh_lib.sv:434:8: Timescale missing on this module as other modules have it (IEEE 1800-2023 3.14.2.3)
  434 | module rvsyncss #(parameter WIDTH = 251)
      |        ^~~~~~~~
                       vendor/ihp-io/sg13g2_io.v:23:8: ... Location of module with timescale
   23 | module sg13g2_Corner (vdd, vss, iovdd, iovss);
      |        ^~~~~~~~~~~~~
%Warning-TIMESCALEMOD: vendor/el2/design/lib/beh_lib.sv:449:8: Timescale missing on this module as other modules have it (IEEE 1800-2023 3.14.2.3)
  449 | module rvsyncss_fpga #(parameter WIDTH = 251)
      |        ^~~~~~~~~~~~~
                       vendor/ihp-io/sg13g2_io.v:23:8: ... Location of module with timescale
   23 | module sg13g2_Corner (vdd, vss, iovdd, iovss);
      |        ^~~~~~~~~~~~~
%Warning-TIMESCALEMOD: vendor/el2/design/lib/beh_lib.sv:466:8: Timescale missing on this module as other modules have it (IEEE 1800-2023 3.14.2.3)
  466 | module rvlsadder
      |        ^~~~~~~~~
                       vendor/ihp-io/sg13g2_io.v:23:8: ... Location of module with timescale
   23 | module sg13g2_Corner (vdd, vss, iovdd, iovss);
      |        ^~~~~~~~~~~~~
%Warning-TIMESCALEMOD: vendor/el2/design/lib/beh_lib.sv:496:8: Timescale missing on this module as other modules have it (IEEE 1800-2023 3.14.2.3)
  496 | module rvbradder
      |        ^~~~~~~~~
                       vendor/ihp-io/sg13g2_io.v:23:8: ... Location of module with timescale
   23 | module sg13g2_Corner (vdd, vss, iovdd, iovss);
      |        ^~~~~~~~~~~~~
%Warning-TIMESCALEMOD: vendor/el2/design/lib/beh_lib.sv:528:8: Timescale missing on this module as other modules have it (IEEE 1800-2023 3.14.2.3)
  528 | module rvtwoscomp #( parameter WIDTH=32 )
      |        ^~~~~~~~~~
                       vendor/ihp-io/sg13g2_io.v:23:8: ... Location of module with timescale
   23 | module sg13g2_Corner (vdd, vss, iovdd, iovss);
      |        ^~~~~~~~~~~~~
%Warning-TIMESCALEMOD: vendor/el2/design/lib/beh_lib.sv:548:8: Timescale missing on this module as other modules have it (IEEE 1800-2023 3.14.2.3)
  548 | module rvfindfirst1 #( parameter WIDTH=32, SHIFT=$clog2(WIDTH) )
      |        ^~~~~~~~~~~~
                       vendor/ihp-io/sg13g2_io.v:23:8: ... Location of module with timescale
   23 | module sg13g2_Corner (vdd, vss, iovdd, iovss);
      |        ^~~~~~~~~~~~~
%Warning-TIMESCALEMOD: vendor/el2/design/lib/beh_lib.sv:567:8: Timescale missing on this module as other modules have it (IEEE 1800-2023 3.14.2.3)
  567 | module rvfindfirst1hot #( parameter WIDTH=32 )
      |        ^~~~~~~~~~~~~~~
                       vendor/ihp-io/sg13g2_io.v:23:8: ... Location of module with timescale
   23 | module sg13g2_Corner (vdd, vss, iovdd, iovss);
      |        ^~~~~~~~~~~~~
%Warning-TIMESCALEMOD: vendor/el2/design/lib/beh_lib.sv:587:8: Timescale missing on this module as other modules have it (IEEE 1800-2023 3.14.2.3)
  587 | module rvmaskandmatch #( parameter WIDTH=32 )
      |        ^~~~~~~~~~~~~~
                       vendor/ihp-io/sg13g2_io.v:23:8: ... Location of module with timescale
   23 | module sg13g2_Corner (vdd, vss, iovdd, iovss);
      |        ^~~~~~~~~~~~~
%Warning-TIMESCALEMOD: vendor/el2/design/lib/beh_lib.sv:615:8: Timescale missing on this module as other modules have it (IEEE 1800-2023 3.14.2.3)
  615 | module rvrangecheck  #(CCM_SADR = 32'h0,
      |        ^~~~~~~~~~~~
                       vendor/ihp-io/sg13g2_io.v:23:8: ... Location of module with timescale
   23 | module sg13g2_Corner (vdd, vss, iovdd, iovss);
      |        ^~~~~~~~~~~~~
%Warning-TIMESCALEMOD: vendor/el2/design/lib/beh_lib.sv:640:8: Timescale missing on this module as other modules have it (IEEE 1800-2023 3.14.2.3)
  640 | module rveven_paritygen #(WIDTH = 16)  (
      |        ^~~~~~~~~~~~~~~~
                       vendor/ihp-io/sg13g2_io.v:23:8: ... Location of module with timescale
   23 | module sg13g2_Corner (vdd, vss, iovdd, iovss);
      |        ^~~~~~~~~~~~~
%Warning-TIMESCALEMOD: vendor/el2/design/lib/beh_lib.sv:649:8: Timescale missing on this module as other modules have it (IEEE 1800-2023 3.14.2.3)
  649 | module rveven_paritycheck #(WIDTH = 16)  (
      |        ^~~~~~~~~~~~~~~~~~
                       vendor/ihp-io/sg13g2_io.v:23:8: ... Location of module with timescale
   23 | module sg13g2_Corner (vdd, vss, iovdd, iovss);
      |        ^~~~~~~~~~~~~
%Warning-TIMESCALEMOD: vendor/el2/design/lib/beh_lib.sv:659:8: Timescale missing on this module as other modules have it (IEEE 1800-2023 3.14.2.3)
  659 | module rvecc_encode  (
      |        ^~~~~~~~~~~~
                       vendor/ihp-io/sg13g2_io.v:23:8: ... Location of module with timescale
   23 | module sg13g2_Corner (vdd, vss, iovdd, iovss);
      |        ^~~~~~~~~~~~~
%Warning-TIMESCALEMOD: vendor/el2/design/lib/beh_lib.sv:676:8: Timescale missing on this module as other modules have it (IEEE 1800-2023 3.14.2.3)
  676 | module rvecc_decode  (
      |        ^~~~~~~~~~~~
                       vendor/ihp-io/sg13g2_io.v:23:8: ... Location of module with timescale
   23 | module sg13g2_Corner (vdd, vss, iovdd, iovss);
      |        ^~~~~~~~~~~~~
%Warning-TIMESCALEMOD: vendor/el2/design/lib/beh_lib.sv:720:8: Timescale missing on this module as other modules have it (IEEE 1800-2023 3.14.2.3)
  720 | module rvecc_encode_64  (
      |        ^~~~~~~~~~~~~~~
                       vendor/ihp-io/sg13g2_io.v:23:8: ... Location of module with timescale
   23 | module sg13g2_Corner (vdd, vss, iovdd, iovss);
      |        ^~~~~~~~~~~~~
%Warning-TIMESCALEMOD: vendor/el2/design/lib/beh_lib.sv:741:8: Timescale missing on this module as other modules have it (IEEE 1800-2023 3.14.2.3)
  741 | module rvecc_decode_64  (
      |        ^~~~~~~~~~~~~~~
                       vendor/ihp-io/sg13g2_io.v:23:8: ... Location of module with timescale
   23 | module sg13g2_Corner (vdd, vss, iovdd, iovss);
      |        ^~~~~~~~~~~~~
%Warning-TIMESCALEMOD: vendor/el2/design/lib/beh_lib.sv:770:8: Timescale missing on this module as other modules have it (IEEE 1800-2023 3.14.2.3)
  770 | module clockhdr
      |        ^~~~~~~~
                       vendor/ihp-io/sg13g2_io.v:23:8: ... Location of module with timescale
   23 | module sg13g2_Corner (vdd, vss, iovdd, iovss);
      |        ^~~~~~~~~~~~~
%Warning-TIMESCALEMOD: vendor/el2/design/lib/beh_lib.sv:814:8: Timescale missing on this module as other modules have it (IEEE 1800-2023 3.14.2.3)
  814 | module rvoclkhdr
      |        ^~~~~~~~~
                       vendor/ihp-io/sg13g2_io.v:23:8: ... Location of module with timescale
   23 | module sg13g2_Corner (vdd, vss, iovdd, iovss);
      |        ^~~~~~~~~~~~~
%Warning-TIMESCALEMOD: vendor/el2/design/lib/mem_lib.sv:86:8: Timescale missing on this module as other modules have it (IEEE 1800-2023 3.14.2.3)
   86 | module el2_ram #(depth=4096, width=39) (
      |        ^~~~~~~
                       vendor/ihp-io/sg13g2_io.v:23:8: ... Location of module with timescale
   23 | module sg13g2_Corner (vdd, vss, iovdd, iovss);
      |        ^~~~~~~~~~~~~
%Warning-TIMESCALEMOD: vendor/el2/design/lib/mem_lib.sv:109:8: Timescale missing on this module as other modules have it (IEEE 1800-2023 3.14.2.3)
  109 | module ram_32768x39(               
      |        ^~~~~~~~~~~~
                       vendor/ihp-io/sg13g2_io.v:23:8: ... Location of module with timescale
   23 | module sg13g2_Corner (vdd, vss, iovdd, iovss);
      |        ^~~~~~~~~~~~~
%Warning-TIMESCALEMOD: vendor/el2/design/lib/mem_lib.sv:110:8: Timescale missing on this module as other modules have it (IEEE 1800-2023 3.14.2.3)
  110 | module ram_16384x39(               
      |        ^~~~~~~~~~~~
                       vendor/ihp-io/sg13g2_io.v:23:8: ... Location of module with timescale
   23 | module sg13g2_Corner (vdd, vss, iovdd, iovss);
      |        ^~~~~~~~~~~~~
%Warning-TIMESCALEMOD: vendor/el2/design/lib/mem_lib.sv:111:8: Timescale missing on this module as other modules have it (IEEE 1800-2023 3.14.2.3)
  111 | module ram_8192x39(               
      |        ^~~~~~~~~~~
                       vendor/ihp-io/sg13g2_io.v:23:8: ... Location of module with timescale
   23 | module sg13g2_Corner (vdd, vss, iovdd, iovss);
      |        ^~~~~~~~~~~~~
%Warning-TIMESCALEMOD: vendor/el2/design/lib/mem_lib.sv:112:8: Timescale missing on this module as other modules have it (IEEE 1800-2023 3.14.2.3)
  112 | module ram_4096x39(               
      |        ^~~~~~~~~~~
                       vendor/ihp-io/sg13g2_io.v:23:8: ... Location of module with timescale
   23 | module sg13g2_Corner (vdd, vss, iovdd, iovss);
      |        ^~~~~~~~~~~~~
%Warning-TIMESCALEMOD: vendor/el2/design/lib/mem_lib.sv:113:8: Timescale missing on this module as other modules have it (IEEE 1800-2023 3.14.2.3)
  113 | module ram_3072x39(               
      |        ^~~~~~~~~~~
                       vendor/ihp-io/sg13g2_io.v:23:8: ... Location of module with timescale
   23 | module sg13g2_Corner (vdd, vss, iovdd, iovss);
      |        ^~~~~~~~~~~~~
%Warning-TIMESCALEMOD: vendor/el2/design/lib/mem_lib.sv:114:8: Timescale missing on this module as other modules have it (IEEE 1800-2023 3.14.2.3)
  114 | module ram_2048x39(               
      |        ^~~~~~~~~~~
                       vendor/ihp-io/sg13g2_io.v:23:8: ... Location of module with timescale
   23 | module sg13g2_Corner (vdd, vss, iovdd, iovss);
      |        ^~~~~~~~~~~~~
%Warning-TIMESCALEMOD: vendor/el2/design/lib/mem_lib.sv:115:8: Timescale missing on this module as other modules have it (IEEE 1800-2023 3.14.2.3)
  115 | module ram_1536x39(               
      |        ^~~~~~~~~~~
                       vendor/ihp-io/sg13g2_io.v:23:8: ... Location of module with timescale
   23 | module sg13g2_Corner (vdd, vss, iovdd, iovss);
      |        ^~~~~~~~~~~~~
%Warning-TIMESCALEMOD: vendor/el2/design/lib/mem_lib.sv:116:8: Timescale missing on this module as other modules have it (IEEE 1800-2023 3.14.2.3)
  116 | module ram_1024x39(               
      |        ^~~~~~~~~~~
                       vendor/ihp-io/sg13g2_io.v:23:8: ... Location of module with timescale
   23 | module sg13g2_Corner (vdd, vss, iovdd, iovss);
      |        ^~~~~~~~~~~~~
%Warning-TIMESCALEMOD: vendor/el2/design/lib/mem_lib.sv:117:8: Timescale missing on this module as other modules have it (IEEE 1800-2023 3.14.2.3)
  117 | module ram_768x39(               
      |        ^~~~~~~~~~
                       vendor/ihp-io/sg13g2_io.v:23:8: ... Location of module with timescale
   23 | module sg13g2_Corner (vdd, vss, iovdd, iovss);
      |        ^~~~~~~~~~~~~
%Warning-TIMESCALEMOD: vendor/el2/design/lib/mem_lib.sv:118:8: Timescale missing on this module as other modules have it (IEEE 1800-2023 3.14.2.3)
  118 | module ram_512x39(               
      |        ^~~~~~~~~~
                       vendor/ihp-io/sg13g2_io.v:23:8: ... Location of module with timescale
   23 | module sg13g2_Corner (vdd, vss, iovdd, iovss);
      |        ^~~~~~~~~~~~~
%Warning-TIMESCALEMOD: vendor/el2/design/lib/mem_lib.sv:119:8: Timescale missing on this module as other modules have it (IEEE 1800-2023 3.14.2.3)
  119 | module ram_256x39(               
      |        ^~~~~~~~~~
                       vendor/ihp-io/sg13g2_io.v:23:8: ... Location of module with timescale
   23 | module sg13g2_Corner (vdd, vss, iovdd, iovss);
      |        ^~~~~~~~~~~~~
%Warning-TIMESCALEMOD: vendor/el2/design/lib/mem_lib.sv:120:8: Timescale missing on this module as other modules have it (IEEE 1800-2023 3.14.2.3)
  120 | module ram_128x39(               
      |        ^~~~~~~~~~
                       vendor/ihp-io/sg13g2_io.v:23:8: ... Location of module with timescale
   23 | module sg13g2_Corner (vdd, vss, iovdd, iovss);
      |        ^~~~~~~~~~~~~
%Warning-TIMESCALEMOD: vendor/el2/design/lib/mem_lib.sv:121:8: Timescale missing on this module as other modules have it (IEEE 1800-2023 3.14.2.3)
  121 | module ram_1024x20(               
      |        ^~~~~~~~~~~
                       vendor/ihp-io/sg13g2_io.v:23:8: ... Location of module with timescale
   23 | module sg13g2_Corner (vdd, vss, iovdd, iovss);
      |        ^~~~~~~~~~~~~
%Warning-TIMESCALEMOD: vendor/el2/design/lib/mem_lib.sv:122:8: Timescale missing on this module as other modules have it (IEEE 1800-2023 3.14.2.3)
  122 | module ram_512x20(               
      |        ^~~~~~~~~~
                       vendor/ihp-io/sg13g2_io.v:23:8: ... Location of module with timescale
   23 | module sg13g2_Corner (vdd, vss, iovdd, iovss);
      |        ^~~~~~~~~~~~~
%Warning-TIMESCALEMOD: vendor/el2/design/lib/mem_lib.sv:123:8: Timescale missing on this module as other modules have it (IEEE 1800-2023 3.14.2.3)
  123 | module ram_256x20(               
      |        ^~~~~~~~~~
                       vendor/ihp-io/sg13g2_io.v:23:8: ... Location of module with timescale
   23 | module sg13g2_Corner (vdd, vss, iovdd, iovss);
      |        ^~~~~~~~~~~~~
%Warning-TIMESCALEMOD: vendor/el2/design/lib/mem_lib.sv:124:8: Timescale missing on this module as other modules have it (IEEE 1800-2023 3.14.2.3)
  124 | module ram_128x20(               
      |        ^~~~~~~~~~
                       vendor/ihp-io/sg13g2_io.v:23:8: ... Location of module with timescale
   23 | module sg13g2_Corner (vdd, vss, iovdd, iovss);
      |        ^~~~~~~~~~~~~
%Warning-TIMESCALEMOD: vendor/el2/design/lib/mem_lib.sv:125:8: Timescale missing on this module as other modules have it (IEEE 1800-2023 3.14.2.3)
  125 | module ram_64x20(               
      |        ^~~~~~~~~
                       vendor/ihp-io/sg13g2_io.v:23:8: ... Location of module with timescale
   23 | module sg13g2_Corner (vdd, vss, iovdd, iovss);
      |        ^~~~~~~~~~~~~
%Warning-TIMESCALEMOD: vendor/el2/design/lib/mem_lib.sv:126:8: Timescale missing on this module as other modules have it (IEEE 1800-2023 3.14.2.3)
  126 | module ram_4096x34(               
      |        ^~~~~~~~~~~
                       vendor/ihp-io/sg13g2_io.v:23:8: ... Location of module with timescale
   23 | module sg13g2_Corner (vdd, vss, iovdd, iovss);
      |        ^~~~~~~~~~~~~
%Warning-TIMESCALEMOD: vendor/el2/design/lib/mem_lib.sv:127:8: Timescale missing on this module as other modules have it (IEEE 1800-2023 3.14.2.3)
  127 | module ram_2048x34(               
      |        ^~~~~~~~~~~
                       vendor/ihp-io/sg13g2_io.v:23:8: ... Location of module with timescale
   23 | module sg13g2_Corner (vdd, vss, iovdd, iovss);
      |        ^~~~~~~~~~~~~
%Warning-TIMESCALEMOD: vendor/el2/design/lib/mem_lib.sv:128:8: Timescale missing on this module as other modules have it (IEEE 1800-2023 3.14.2.3)
  128 | module ram_1024x34(               
      |        ^~~~~~~~~~~
                       vendor/ihp-io/sg13g2_io.v:23:8: ... Location of module with timescale
   23 | module sg13g2_Corner (vdd, vss, iovdd, iovss);
      |        ^~~~~~~~~~~~~
%Warning-TIMESCALEMOD: vendor/el2/design/lib/mem_lib.sv:129:8: Timescale missing on this module as other modules have it (IEEE 1800-2023 3.14.2.3)
  129 | module ram_512x34(               
      |        ^~~~~~~~~~
                       vendor/ihp-io/sg13g2_io.v:23:8: ... Location of module with timescale
   23 | module sg13g2_Corner (vdd, vss, iovdd, iovss);
      |        ^~~~~~~~~~~~~
%Warning-TIMESCALEMOD: vendor/el2/design/lib/mem_lib.sv:130:8: Timescale missing on this module as other modules have it (IEEE 1800-2023 3.14.2.3)
  130 | module ram_256x34(               
      |        ^~~~~~~~~~
                       vendor/ihp-io/sg13g2_io.v:23:8: ... Location of module with timescale
   23 | module sg13g2_Corner (vdd, vss, iovdd, iovss);
      |        ^~~~~~~~~~~~~
%Warning-TIMESCALEMOD: vendor/el2/design/lib/mem_lib.sv:131:8: Timescale missing on this module as other modules have it (IEEE 1800-2023 3.14.2.3)
  131 | module ram_128x34(               
      |        ^~~~~~~~~~
                       vendor/ihp-io/sg13g2_io.v:23:8: ... Location of module with timescale
   23 | module sg13g2_Corner (vdd, vss, iovdd, iovss);
      |        ^~~~~~~~~~~~~
%Warning-TIMESCALEMOD: vendor/el2/design/lib/mem_lib.sv:132:8: Timescale missing on this module as other modules have it (IEEE 1800-2023 3.14.2.3)
  132 | module ram_64x34(               
      |        ^~~~~~~~~
                       vendor/ihp-io/sg13g2_io.v:23:8: ... Location of module with timescale
   23 | module sg13g2_Corner (vdd, vss, iovdd, iovss);
      |        ^~~~~~~~~~~~~
%Warning-TIMESCALEMOD: vendor/el2/design/lib/mem_lib.sv:133:8: Timescale missing on this module as other modules have it (IEEE 1800-2023 3.14.2.3)
  133 | module ram_8192x68(               
      |        ^~~~~~~~~~~
                       vendor/ihp-io/sg13g2_io.v:23:8: ... Location of module with timescale
   23 | module sg13g2_Corner (vdd, vss, iovdd, iovss);
      |        ^~~~~~~~~~~~~
%Warning-TIMESCALEMOD: vendor/el2/design/lib/mem_lib.sv:134:8: Timescale missing on this module as other modules have it (IEEE 1800-2023 3.14.2.3)
  134 | module ram_4096x68(               
      |        ^~~~~~~~~~~
                       vendor/ihp-io/sg13g2_io.v:23:8: ... Location of module with timescale
   23 | module sg13g2_Corner (vdd, vss, iovdd, iovss);
      |        ^~~~~~~~~~~~~
%Warning-TIMESCALEMOD: vendor/el2/design/lib/mem_lib.sv:135:8: Timescale missing on this module as other modules have it (IEEE 1800-2023 3.14.2.3)
  135 | module ram_2048x68(               
      |        ^~~~~~~~~~~
                       vendor/ihp-io/sg13g2_io.v:23:8: ... Location of module with timescale
   23 | module sg13g2_Corner (vdd, vss, iovdd, iovss);
      |        ^~~~~~~~~~~~~
%Warning-TIMESCALEMOD: vendor/el2/design/lib/mem_lib.sv:136:8: Timescale missing on this module as other modules have it (IEEE 1800-2023 3.14.2.3)
  136 | module ram_1024x68(               
      |        ^~~~~~~~~~~
                       vendor/ihp-io/sg13g2_io.v:23:8: ... Location of module with timescale
   23 | module sg13g2_Corner (vdd, vss, iovdd, iovss);
      |        ^~~~~~~~~~~~~
%Warning-TIMESCALEMOD: vendor/el2/design/lib/mem_lib.sv:137:8: Timescale missing on this module as other modules have it (IEEE 1800-2023 3.14.2.3)
  137 | module ram_512x68(               
      |        ^~~~~~~~~~
                       vendor/ihp-io/sg13g2_io.v:23:8: ... Location of module with timescale
   23 | module sg13g2_Corner (vdd, vss, iovdd, iovss);
      |        ^~~~~~~~~~~~~
%Warning-TIMESCALEMOD: vendor/el2/design/lib/mem_lib.sv:138:8: Timescale missing on this module as other modules have it (IEEE 1800-2023 3.14.2.3)
  138 | module ram_256x68(               
      |        ^~~~~~~~~~
                       vendor/ihp-io/sg13g2_io.v:23:8: ... Location of module with timescale
   23 | module sg13g2_Corner (vdd, vss, iovdd, iovss);
      |        ^~~~~~~~~~~~~
%Warning-TIMESCALEMOD: vendor/el2/design/lib/mem_lib.sv:139:8: Timescale missing on this module as other modules have it (IEEE 1800-2023 3.14.2.3)
  139 | module ram_128x68(               
      |        ^~~~~~~~~~
                       vendor/ihp-io/sg13g2_io.v:23:8: ... Location of module with timescale
   23 | module sg13g2_Corner (vdd, vss, iovdd, iovss);
      |        ^~~~~~~~~~~~~
%Warning-TIMESCALEMOD: vendor/el2/design/lib/mem_lib.sv:140:8: Timescale missing on this module as other modules have it (IEEE 1800-2023 3.14.2.3)
  140 | module ram_64x68(               
      |        ^~~~~~~~~
                       vendor/ihp-io/sg13g2_io.v:23:8: ... Location of module with timescale
   23 | module sg13g2_Corner (vdd, vss, iovdd, iovss);
      |        ^~~~~~~~~~~~~
%Warning-TIMESCALEMOD: vendor/el2/design/lib/mem_lib.sv:141:8: Timescale missing on this module as other modules have it (IEEE 1800-2023 3.14.2.3)
  141 | module ram_8192x71(               
      |        ^~~~~~~~~~~
                       vendor/ihp-io/sg13g2_io.v:23:8: ... Location of module with timescale
   23 | module sg13g2_Corner (vdd, vss, iovdd, iovss);
      |        ^~~~~~~~~~~~~
%Warning-TIMESCALEMOD: vendor/el2/design/lib/mem_lib.sv:142:8: Timescale missing on this module as other modules have it (IEEE 1800-2023 3.14.2.3)
  142 | module ram_4096x71(               
      |        ^~~~~~~~~~~
                       vendor/ihp-io/sg13g2_io.v:23:8: ... Location of module with timescale
   23 | module sg13g2_Corner (vdd, vss, iovdd, iovss);
      |        ^~~~~~~~~~~~~
%Warning-TIMESCALEMOD: vendor/el2/design/lib/mem_lib.sv:143:8: Timescale missing on this module as other modules have it (IEEE 1800-2023 3.14.2.3)
  143 | module ram_2048x71(               
      |        ^~~~~~~~~~~
                       vendor/ihp-io/sg13g2_io.v:23:8: ... Location of module with timescale
   23 | module sg13g2_Corner (vdd, vss, iovdd, iovss);
      |        ^~~~~~~~~~~~~
%Warning-TIMESCALEMOD: vendor/el2/design/lib/mem_lib.sv:144:8: Timescale missing on this module as other modules have it (IEEE 1800-2023 3.14.2.3)
  144 | module ram_1024x71(               
      |        ^~~~~~~~~~~
                       vendor/ihp-io/sg13g2_io.v:23:8: ... Location of module with timescale
   23 | module sg13g2_Corner (vdd, vss, iovdd, iovss);
      |        ^~~~~~~~~~~~~
%Warning-TIMESCALEMOD: vendor/el2/design/lib/mem_lib.sv:145:8: Timescale missing on this module as other modules have it (IEEE 1800-2023 3.14.2.3)
  145 | module ram_512x71(               
      |        ^~~~~~~~~~
                       vendor/ihp-io/sg13g2_io.v:23:8: ... Location of module with timescale
   23 | module sg13g2_Corner (vdd, vss, iovdd, iovss);
      |        ^~~~~~~~~~~~~
%Warning-TIMESCALEMOD: vendor/el2/design/lib/mem_lib.sv:146:8: Timescale missing on this module as other modules have it (IEEE 1800-2023 3.14.2.3)
  146 | module ram_256x71(               
      |        ^~~~~~~~~~
                       vendor/ihp-io/sg13g2_io.v:23:8: ... Location of module with timescale
   23 | module sg13g2_Corner (vdd, vss, iovdd, iovss);
      |        ^~~~~~~~~~~~~
%Warning-TIMESCALEMOD: vendor/el2/design/lib/mem_lib.sv:147:8: Timescale missing on this module as other modules have it (IEEE 1800-2023 3.14.2.3)
  147 | module ram_128x71(               
      |        ^~~~~~~~~~
                       vendor/ihp-io/sg13g2_io.v:23:8: ... Location of module with timescale
   23 | module sg13g2_Corner (vdd, vss, iovdd, iovss);
      |        ^~~~~~~~~~~~~
%Warning-TIMESCALEMOD: vendor/el2/design/lib/mem_lib.sv:148:8: Timescale missing on this module as other modules have it (IEEE 1800-2023 3.14.2.3)
  148 | module ram_64x71(               
      |        ^~~~~~~~~
                       vendor/ihp-io/sg13g2_io.v:23:8: ... Location of module with timescale
   23 | module sg13g2_Corner (vdd, vss, iovdd, iovss);
      |        ^~~~~~~~~~~~~
%Warning-TIMESCALEMOD: vendor/el2/design/lib/mem_lib.sv:149:8: Timescale missing on this module as other modules have it (IEEE 1800-2023 3.14.2.3)
  149 | module ram_4096x42(               
      |        ^~~~~~~~~~~
                       vendor/ihp-io/sg13g2_io.v:23:8: ... Location of module with timescale
   23 | module sg13g2_Corner (vdd, vss, iovdd, iovss);
      |        ^~~~~~~~~~~~~
%Warning-TIMESCALEMOD: vendor/el2/design/lib/mem_lib.sv:150:8: Timescale missing on this module as other modules have it (IEEE 1800-2023 3.14.2.3)
  150 | module ram_2048x42(               
      |        ^~~~~~~~~~~
                       vendor/ihp-io/sg13g2_io.v:23:8: ... Location of module with timescale
   23 | module sg13g2_Corner (vdd, vss, iovdd, iovss);
      |        ^~~~~~~~~~~~~
%Warning-TIMESCALEMOD: vendor/el2/design/lib/mem_lib.sv:151:8: Timescale missing on this module as other modules have it (IEEE 1800-2023 3.14.2.3)
  151 | module ram_1024x42(               
      |        ^~~~~~~~~~~
                       vendor/ihp-io/sg13g2_io.v:23:8: ... Location of module with timescale
   23 | module sg13g2_Corner (vdd, vss, iovdd, iovss);
      |        ^~~~~~~~~~~~~
%Warning-TIMESCALEMOD: vendor/el2/design/lib/mem_lib.sv:152:8: Timescale missing on this module as other modules have it (IEEE 1800-2023 3.14.2.3)
  152 | module ram_512x42(               
      |        ^~~~~~~~~~
                       vendor/ihp-io/sg13g2_io.v:23:8: ... Location of module with timescale
   23 | module sg13g2_Corner (vdd, vss, iovdd, iovss);
      |        ^~~~~~~~~~~~~
%Warning-TIMESCALEMOD: vendor/el2/design/lib/mem_lib.sv:153:8: Timescale missing on this module as other modules have it (IEEE 1800-2023 3.14.2.3)
  153 | module ram_256x42(               
      |        ^~~~~~~~~~
                       vendor/ihp-io/sg13g2_io.v:23:8: ... Location of module with timescale
   23 | module sg13g2_Corner (vdd, vss, iovdd, iovss);
      |        ^~~~~~~~~~~~~
%Warning-TIMESCALEMOD: vendor/el2/design/lib/mem_lib.sv:154:8: Timescale missing on this module as other modules have it (IEEE 1800-2023 3.14.2.3)
  154 | module ram_128x42(               
      |        ^~~~~~~~~~
                       vendor/ihp-io/sg13g2_io.v:23:8: ... Location of module with timescale
   23 | module sg13g2_Corner (vdd, vss, iovdd, iovss);
      |        ^~~~~~~~~~~~~
%Warning-TIMESCALEMOD: vendor/el2/design/lib/mem_lib.sv:155:8: Timescale missing on this module as other modules have it (IEEE 1800-2023 3.14.2.3)
  155 | module ram_64x42(               
      |        ^~~~~~~~~
                       vendor/ihp-io/sg13g2_io.v:23:8: ... Location of module with timescale
   23 | module sg13g2_Corner (vdd, vss, iovdd, iovss);
      |        ^~~~~~~~~~~~~
%Warning-TIMESCALEMOD: vendor/el2/design/lib/mem_lib.sv:156:8: Timescale missing on this module as other modules have it (IEEE 1800-2023 3.14.2.3)
  156 | module ram_4096x22(               
      |        ^~~~~~~~~~~
                       vendor/ihp-io/sg13g2_io.v:23:8: ... Location of module with timescale
   23 | module sg13g2_Corner (vdd, vss, iovdd, iovss);
      |        ^~~~~~~~~~~~~
%Warning-TIMESCALEMOD: vendor/el2/design/lib/mem_lib.sv:157:8: Timescale missing on this module as other modules have it (IEEE 1800-2023 3.14.2.3)
  157 | module ram_2048x22(               
      |        ^~~~~~~~~~~
                       vendor/ihp-io/sg13g2_io.v:23:8: ... Location of module with timescale
   23 | module sg13g2_Corner (vdd, vss, iovdd, iovss);
      |        ^~~~~~~~~~~~~
%Warning-TIMESCALEMOD: vendor/el2/design/lib/mem_lib.sv:158:8: Timescale missing on this module as other modules have it (IEEE 1800-2023 3.14.2.3)
  158 | module ram_1024x22(               
      |        ^~~~~~~~~~~
                       vendor/ihp-io/sg13g2_io.v:23:8: ... Location of module with timescale
   23 | module sg13g2_Corner (vdd, vss, iovdd, iovss);
      |        ^~~~~~~~~~~~~
%Warning-TIMESCALEMOD: vendor/el2/design/lib/mem_lib.sv:159:8: Timescale missing on this module as other modules have it (IEEE 1800-2023 3.14.2.3)
  159 | module ram_512x22(               
      |        ^~~~~~~~~~
                       vendor/ihp-io/sg13g2_io.v:23:8: ... Location of module with timescale
   23 | module sg13g2_Corner (vdd, vss, iovdd, iovss);
      |        ^~~~~~~~~~~~~
%Warning-TIMESCALEMOD: vendor/el2/design/lib/mem_lib.sv:160:8: Timescale missing on this module as other modules have it (IEEE 1800-2023 3.14.2.3)
  160 | module ram_256x22(               
      |        ^~~~~~~~~~
                       vendor/ihp-io/sg13g2_io.v:23:8: ... Location of module with timescale
   23 | module sg13g2_Corner (vdd, vss, iovdd, iovss);
      |        ^~~~~~~~~~~~~
%Warning-TIMESCALEMOD: vendor/el2/design/lib/mem_lib.sv:161:8: Timescale missing on this module as other modules have it (IEEE 1800-2023 3.14.2.3)
  161 | module ram_128x22(               
      |        ^~~~~~~~~~
                       vendor/ihp-io/sg13g2_io.v:23:8: ... Location of module with timescale
   23 | module sg13g2_Corner (vdd, vss, iovdd, iovss);
      |        ^~~~~~~~~~~~~
%Warning-TIMESCALEMOD: vendor/el2/design/lib/mem_lib.sv:162:8: Timescale missing on this module as other modules have it (IEEE 1800-2023 3.14.2.3)
  162 | module ram_64x22(               
      |        ^~~~~~~~~
                       vendor/ihp-io/sg13g2_io.v:23:8: ... Location of module with timescale
   23 | module sg13g2_Corner (vdd, vss, iovdd, iovss);
      |        ^~~~~~~~~~~~~
%Warning-TIMESCALEMOD: vendor/el2/design/lib/mem_lib.sv:163:8: Timescale missing on this module as other modules have it (IEEE 1800-2023 3.14.2.3)
  163 | module ram_1024x26(               
      |        ^~~~~~~~~~~
                       vendor/ihp-io/sg13g2_io.v:23:8: ... Location of module with timescale
   23 | module sg13g2_Corner (vdd, vss, iovdd, iovss);
      |        ^~~~~~~~~~~~~
%Warning-TIMESCALEMOD: vendor/el2/design/lib/mem_lib.sv:164:8: Timescale missing on this module as other modules have it (IEEE 1800-2023 3.14.2.3)
  164 | module ram_4096x26(               
      |        ^~~~~~~~~~~
                       vendor/ihp-io/sg13g2_io.v:23:8: ... Location of module with timescale
   23 | module sg13g2_Corner (vdd, vss, iovdd, iovss);
      |        ^~~~~~~~~~~~~
%Warning-TIMESCALEMOD: vendor/el2/design/lib/mem_lib.sv:165:8: Timescale missing on this module as other modules have it (IEEE 1800-2023 3.14.2.3)
  165 | module ram_2048x26(               
      |        ^~~~~~~~~~~
                       vendor/ihp-io/sg13g2_io.v:23:8: ... Location of module with timescale
   23 | module sg13g2_Corner (vdd, vss, iovdd, iovss);
      |        ^~~~~~~~~~~~~
%Warning-TIMESCALEMOD: vendor/el2/design/lib/mem_lib.sv:166:8: Timescale missing on this module as other modules have it (IEEE 1800-2023 3.14.2.3)
  166 | module ram_512x26(               
      |        ^~~~~~~~~~
                       vendor/ihp-io/sg13g2_io.v:23:8: ... Location of module with timescale
   23 | module sg13g2_Corner (vdd, vss, iovdd, iovss);
      |        ^~~~~~~~~~~~~
%Warning-TIMESCALEMOD: vendor/el2/design/lib/mem_lib.sv:167:8: Timescale missing on this module as other modules have it (IEEE 1800-2023 3.14.2.3)
  167 | module ram_256x26(               
      |        ^~~~~~~~~~
                       vendor/ihp-io/sg13g2_io.v:23:8: ... Location of module with timescale
   23 | module sg13g2_Corner (vdd, vss, iovdd, iovss);
      |        ^~~~~~~~~~~~~
%Warning-TIMESCALEMOD: vendor/el2/design/lib/mem_lib.sv:168:8: Timescale missing on this module as other modules have it (IEEE 1800-2023 3.14.2.3)
  168 | module ram_128x26(               
      |        ^~~~~~~~~~
                       vendor/ihp-io/sg13g2_io.v:23:8: ... Location of module with timescale
   23 | module sg13g2_Corner (vdd, vss, iovdd, iovss);
      |        ^~~~~~~~~~~~~
%Warning-TIMESCALEMOD: vendor/el2/design/lib/mem_lib.sv:169:8: Timescale missing on this module as other modules have it (IEEE 1800-2023 3.14.2.3)
  169 | module ram_64x26(               
      |        ^~~~~~~~~
                       vendor/ihp-io/sg13g2_io.v:23:8: ... Location of module with timescale
   23 | module sg13g2_Corner (vdd, vss, iovdd, iovss);
      |        ^~~~~~~~~~~~~
%Warning-TIMESCALEMOD: vendor/el2/design/lib/mem_lib.sv:170:8: Timescale missing on this module as other modules have it (IEEE 1800-2023 3.14.2.3)
  170 | module ram_32x26(               
      |        ^~~~~~~~~
                       vendor/ihp-io/sg13g2_io.v:23:8: ... Location of module with timescale
   23 | module sg13g2_Corner (vdd, vss, iovdd, iovss);
      |        ^~~~~~~~~~~~~
%Warning-TIMESCALEMOD: vendor/el2/design/lib/mem_lib.sv:171:8: Timescale missing on this module as other modules have it (IEEE 1800-2023 3.14.2.3)
  171 | module ram_32x22(               
      |        ^~~~~~~~~
                       vendor/ihp-io/sg13g2_io.v:23:8: ... Location of module with timescale
   23 | module sg13g2_Corner (vdd, vss, iovdd, iovss);
      |        ^~~~~~~~~~~~~
%Warning-TIMESCALEMOD: vendor/el2/design/lib/mem_lib.sv:172:8: Timescale missing on this module as other modules have it (IEEE 1800-2023 3.14.2.3)
  172 | module ram_be_8192x142(            
      |        ^~~~~~~~~~~~~~~
                       vendor/ihp-io/sg13g2_io.v:23:8: ... Location of module with timescale
   23 | module sg13g2_Corner (vdd, vss, iovdd, iovss);
      |        ^~~~~~~~~~~~~
%Warning-TIMESCALEMOD: vendor/el2/design/lib/mem_lib.sv:173:8: Timescale missing on this module as other modules have it (IEEE 1800-2023 3.14.2.3)
  173 | module ram_be_4096x142(            
      |        ^~~~~~~~~~~~~~~
                       vendor/ihp-io/sg13g2_io.v:23:8: ... Location of module with timescale
   23 | module sg13g2_Corner (vdd, vss, iovdd, iovss);
      |        ^~~~~~~~~~~~~
%Warning-TIMESCALEMOD: vendor/el2/design/lib/mem_lib.sv:174:8: Timescale missing on this module as other modules have it (IEEE 1800-2023 3.14.2.3)
  174 | module ram_be_2048x142(            
      |        ^~~~~~~~~~~~~~~
                       vendor/ihp-io/sg13g2_io.v:23:8: ... Location of module with timescale
   23 | module sg13g2_Corner (vdd, vss, iovdd, iovss);
      |        ^~~~~~~~~~~~~
%Warning-TIMESCALEMOD: vendor/el2/design/lib/mem_lib.sv:175:8: Timescale missing on this module as other modules have it (IEEE 1800-2023 3.14.2.3)
  175 | module ram_be_1024x142(            
      |        ^~~~~~~~~~~~~~~
                       vendor/ihp-io/sg13g2_io.v:23:8: ... Location of module with timescale
   23 | module sg13g2_Corner (vdd, vss, iovdd, iovss);
      |        ^~~~~~~~~~~~~
%Warning-TIMESCALEMOD: vendor/el2/design/lib/mem_lib.sv:176:8: Timescale missing on this module as other modules have it (IEEE 1800-2023 3.14.2.3)
  176 | module ram_be_512x142(            
      |        ^~~~~~~~~~~~~~
                       vendor/ihp-io/sg13g2_io.v:23:8: ... Location of module with timescale
   23 | module sg13g2_Corner (vdd, vss, iovdd, iovss);
      |        ^~~~~~~~~~~~~
%Warning-TIMESCALEMOD: vendor/el2/design/lib/mem_lib.sv:177:8: Timescale missing on this module as other modules have it (IEEE 1800-2023 3.14.2.3)
  177 | module ram_be_256x142(            
      |        ^~~~~~~~~~~~~~
                       vendor/ihp-io/sg13g2_io.v:23:8: ... Location of module with timescale
   23 | module sg13g2_Corner (vdd, vss, iovdd, iovss);
      |        ^~~~~~~~~~~~~
%Warning-TIMESCALEMOD: vendor/el2/design/lib/mem_lib.sv:178:8: Timescale missing on this module as other modules have it (IEEE 1800-2023 3.14.2.3)
  178 | module ram_be_128x142(            
      |        ^~~~~~~~~~~~~~
                       vendor/ihp-io/sg13g2_io.v:23:8: ... Location of module with timescale
   23 | module sg13g2_Corner (vdd, vss, iovdd, iovss);
      |        ^~~~~~~~~~~~~
%Warning-TIMESCALEMOD: vendor/el2/design/lib/mem_lib.sv:179:8: Timescale missing on this module as other modules have it (IEEE 1800-2023 3.14.2.3)
  179 | module ram_be_64x142(            
      |        ^~~~~~~~~~~~~
                       vendor/ihp-io/sg13g2_io.v:23:8: ... Location of module with timescale
   23 | module sg13g2_Corner (vdd, vss, iovdd, iovss);
      |        ^~~~~~~~~~~~~
%Warning-TIMESCALEMOD: vendor/el2/design/lib/mem_lib.sv:180:8: Timescale missing on this module as other modules have it (IEEE 1800-2023 3.14.2.3)
  180 | module ram_be_8192x284(            
      |        ^~~~~~~~~~~~~~~
                       vendor/ihp-io/sg13g2_io.v:23:8: ... Location of module with timescale
   23 | module sg13g2_Corner (vdd, vss, iovdd, iovss);
      |        ^~~~~~~~~~~~~
%Warning-TIMESCALEMOD: vendor/el2/design/lib/mem_lib.sv:181:8: Timescale missing on this module as other modules have it (IEEE 1800-2023 3.14.2.3)
  181 | module ram_be_4096x284(            
      |        ^~~~~~~~~~~~~~~
                       vendor/ihp-io/sg13g2_io.v:23:8: ... Location of module with timescale
   23 | module sg13g2_Corner (vdd, vss, iovdd, iovss);
      |        ^~~~~~~~~~~~~
%Warning-TIMESCALEMOD: vendor/el2/design/lib/mem_lib.sv:182:8: Timescale missing on this module as other modules have it (IEEE 1800-2023 3.14.2.3)
  182 | module ram_be_2048x284(            
      |        ^~~~~~~~~~~~~~~
                       vendor/ihp-io/sg13g2_io.v:23:8: ... Location of module with timescale
   23 | module sg13g2_Corner (vdd, vss, iovdd, iovss);
      |        ^~~~~~~~~~~~~
%Warning-TIMESCALEMOD: vendor/el2/design/lib/mem_lib.sv:183:8: Timescale missing on this module as other modules have it (IEEE 1800-2023 3.14.2.3)
  183 | module ram_be_1024x284(            
      |        ^~~~~~~~~~~~~~~
                       vendor/ihp-io/sg13g2_io.v:23:8: ... Location of module with timescale
   23 | module sg13g2_Corner (vdd, vss, iovdd, iovss);
      |        ^~~~~~~~~~~~~
%Warning-TIMESCALEMOD: vendor/el2/design/lib/mem_lib.sv:184:8: Timescale missing on this module as other modules have it (IEEE 1800-2023 3.14.2.3)
  184 | module ram_be_512x284(            
      |        ^~~~~~~~~~~~~~
                       vendor/ihp-io/sg13g2_io.v:23:8: ... Location of module with timescale
   23 | module sg13g2_Corner (vdd, vss, iovdd, iovss);
      |        ^~~~~~~~~~~~~
%Warning-TIMESCALEMOD: vendor/el2/design/lib/mem_lib.sv:185:8: Timescale missing on this module as other modules have it (IEEE 1800-2023 3.14.2.3)
  185 | module ram_be_256x284(            
      |        ^~~~~~~~~~~~~~
                       vendor/ihp-io/sg13g2_io.v:23:8: ... Location of module with timescale
   23 | module sg13g2_Corner (vdd, vss, iovdd, iovss);
      |        ^~~~~~~~~~~~~
%Warning-TIMESCALEMOD: vendor/el2/design/lib/mem_lib.sv:186:8: Timescale missing on this module as other modules have it (IEEE 1800-2023 3.14.2.3)
  186 | module ram_be_128x284(            
      |        ^~~~~~~~~~~~~~
                       vendor/ihp-io/sg13g2_io.v:23:8: ... Location of module with timescale
   23 | module sg13g2_Corner (vdd, vss, iovdd, iovss);
      |        ^~~~~~~~~~~~~
%Warning-TIMESCALEMOD: vendor/el2/design/lib/mem_lib.sv:187:8: Timescale missing on this module as other modules have it (IEEE 1800-2023 3.14.2.3)
  187 | module ram_be_64x284(            
      |        ^~~~~~~~~~~~~
                       vendor/ihp-io/sg13g2_io.v:23:8: ... Location of module with timescale
   23 | module sg13g2_Corner (vdd, vss, iovdd, iovss);
      |        ^~~~~~~~~~~~~
%Warning-TIMESCALEMOD: vendor/el2/design/lib/mem_lib.sv:188:8: Timescale missing on this module as other modules have it (IEEE 1800-2023 3.14.2.3)
  188 | module ram_be_8192x136(            
      |        ^~~~~~~~~~~~~~~
                       vendor/ihp-io/sg13g2_io.v:23:8: ... Location of module with timescale
   23 | module sg13g2_Corner (vdd, vss, iovdd, iovss);
      |        ^~~~~~~~~~~~~
%Warning-TIMESCALEMOD: vendor/el2/design/lib/mem_lib.sv:189:8: Timescale missing on this module as other modules have it (IEEE 1800-2023 3.14.2.3)
  189 | module ram_be_4096x136(            
      |        ^~~~~~~~~~~~~~~
                       vendor/ihp-io/sg13g2_io.v:23:8: ... Location of module with timescale
   23 | module sg13g2_Corner (vdd, vss, iovdd, iovss);
      |        ^~~~~~~~~~~~~
%Warning-TIMESCALEMOD: vendor/el2/design/lib/mem_lib.sv:190:8: Timescale missing on this module as other modules have it (IEEE 1800-2023 3.14.2.3)
  190 | module ram_be_2048x136(            
      |        ^~~~~~~~~~~~~~~
                       vendor/ihp-io/sg13g2_io.v:23:8: ... Location of module with timescale
   23 | module sg13g2_Corner (vdd, vss, iovdd, iovss);
      |        ^~~~~~~~~~~~~
%Warning-TIMESCALEMOD: vendor/el2/design/lib/mem_lib.sv:191:8: Timescale missing on this module as other modules have it (IEEE 1800-2023 3.14.2.3)
  191 | module ram_be_1024x136(            
      |        ^~~~~~~~~~~~~~~
                       vendor/ihp-io/sg13g2_io.v:23:8: ... Location of module with timescale
   23 | module sg13g2_Corner (vdd, vss, iovdd, iovss);
      |        ^~~~~~~~~~~~~
%Warning-TIMESCALEMOD: vendor/el2/design/lib/mem_lib.sv:192:8: Timescale missing on this module as other modules have it (IEEE 1800-2023 3.14.2.3)
  192 | module ram_be_512x136(            
      |        ^~~~~~~~~~~~~~
                       vendor/ihp-io/sg13g2_io.v:23:8: ... Location of module with timescale
   23 | module sg13g2_Corner (vdd, vss, iovdd, iovss);
      |        ^~~~~~~~~~~~~
%Warning-TIMESCALEMOD: vendor/el2/design/lib/mem_lib.sv:193:8: Timescale missing on this module as other modules have it (IEEE 1800-2023 3.14.2.3)
  193 | module ram_be_256x136(            
      |        ^~~~~~~~~~~~~~
                       vendor/ihp-io/sg13g2_io.v:23:8: ... Location of module with timescale
   23 | module sg13g2_Corner (vdd, vss, iovdd, iovss);
      |        ^~~~~~~~~~~~~
%Warning-TIMESCALEMOD: vendor/el2/design/lib/mem_lib.sv:194:8: Timescale missing on this module as other modules have it (IEEE 1800-2023 3.14.2.3)
  194 | module ram_be_128x136(            
      |        ^~~~~~~~~~~~~~
                       vendor/ihp-io/sg13g2_io.v:23:8: ... Location of module with timescale
   23 | module sg13g2_Corner (vdd, vss, iovdd, iovss);
      |        ^~~~~~~~~~~~~
%Warning-TIMESCALEMOD: vendor/el2/design/lib/mem_lib.sv:195:8: Timescale missing on this module as other modules have it (IEEE 1800-2023 3.14.2.3)
  195 | module ram_be_64x136(            
      |        ^~~~~~~~~~~~~
                       vendor/ihp-io/sg13g2_io.v:23:8: ... Location of module with timescale
   23 | module sg13g2_Corner (vdd, vss, iovdd, iovss);
      |        ^~~~~~~~~~~~~
%Warning-TIMESCALEMOD: vendor/el2/design/lib/mem_lib.sv:196:8: Timescale missing on this module as other modules have it (IEEE 1800-2023 3.14.2.3)
  196 | module ram_be_8192x272(            
      |        ^~~~~~~~~~~~~~~
                       vendor/ihp-io/sg13g2_io.v:23:8: ... Location of module with timescale
   23 | module sg13g2_Corner (vdd, vss, iovdd, iovss);
      |        ^~~~~~~~~~~~~
%Warning-TIMESCALEMOD: vendor/el2/design/lib/mem_lib.sv:197:8: Timescale missing on this module as other modules have it (IEEE 1800-2023 3.14.2.3)
  197 | module ram_be_4096x272(            
      |        ^~~~~~~~~~~~~~~
                       vendor/ihp-io/sg13g2_io.v:23:8: ... Location of module with timescale
   23 | module sg13g2_Corner (vdd, vss, iovdd, iovss);
      |        ^~~~~~~~~~~~~
%Warning-TIMESCALEMOD: vendor/el2/design/lib/mem_lib.sv:198:8: Timescale missing on this module as other modules have it (IEEE 1800-2023 3.14.2.3)
  198 | module ram_be_2048x272(            
      |        ^~~~~~~~~~~~~~~
                       vendor/ihp-io/sg13g2_io.v:23:8: ... Location of module with timescale
   23 | module sg13g2_Corner (vdd, vss, iovdd, iovss);
      |        ^~~~~~~~~~~~~
%Warning-TIMESCALEMOD: vendor/el2/design/lib/mem_lib.sv:199:8: Timescale missing on this module as other modules have it (IEEE 1800-2023 3.14.2.3)
  199 | module ram_be_1024x272(            
      |        ^~~~~~~~~~~~~~~
                       vendor/ihp-io/sg13g2_io.v:23:8: ... Location of module with timescale
   23 | module sg13g2_Corner (vdd, vss, iovdd, iovss);
      |        ^~~~~~~~~~~~~
%Warning-TIMESCALEMOD: vendor/el2/design/lib/mem_lib.sv:200:8: Timescale missing on this module as other modules have it (IEEE 1800-2023 3.14.2.3)
  200 | module ram_be_512x272(            
      |        ^~~~~~~~~~~~~~
                       vendor/ihp-io/sg13g2_io.v:23:8: ... Location of module with timescale
   23 | module sg13g2_Corner (vdd, vss, iovdd, iovss);
      |        ^~~~~~~~~~~~~
%Warning-TIMESCALEMOD: vendor/el2/design/lib/mem_lib.sv:201:8: Timescale missing on this module as other modules have it (IEEE 1800-2023 3.14.2.3)
  201 | module ram_be_256x272(            
      |        ^~~~~~~~~~~~~~
                       vendor/ihp-io/sg13g2_io.v:23:8: ... Location of module with timescale
   23 | module sg13g2_Corner (vdd, vss, iovdd, iovss);
      |        ^~~~~~~~~~~~~
%Warning-TIMESCALEMOD: vendor/el2/design/lib/mem_lib.sv:202:8: Timescale missing on this module as other modules have it (IEEE 1800-2023 3.14.2.3)
  202 | module ram_be_128x272(            
      |        ^~~~~~~~~~~~~~
                       vendor/ihp-io/sg13g2_io.v:23:8: ... Location of module with timescale
   23 | module sg13g2_Corner (vdd, vss, iovdd, iovss);
      |        ^~~~~~~~~~~~~
%Warning-TIMESCALEMOD: vendor/el2/design/lib/mem_lib.sv:203:8: Timescale missing on this module as other modules have it (IEEE 1800-2023 3.14.2.3)
  203 | module ram_be_64x272(            
      |        ^~~~~~~~~~~~~
                       vendor/ihp-io/sg13g2_io.v:23:8: ... Location of module with timescale
   23 | module sg13g2_Corner (vdd, vss, iovdd, iovss);
      |        ^~~~~~~~~~~~~
%Warning-TIMESCALEMOD: vendor/el2/design/lib/mem_lib.sv:204:8: Timescale missing on this module as other modules have it (IEEE 1800-2023 3.14.2.3)
  204 | module ram_be_4096x52(            
      |        ^~~~~~~~~~~~~~
                       vendor/ihp-io/sg13g2_io.v:23:8: ... Location of module with timescale
   23 | module sg13g2_Corner (vdd, vss, iovdd, iovss);
      |        ^~~~~~~~~~~~~
%Warning-TIMESCALEMOD: vendor/el2/design/lib/mem_lib.sv:205:8: Timescale missing on this module as other modules have it (IEEE 1800-2023 3.14.2.3)
  205 | module ram_be_2048x52(            
      |        ^~~~~~~~~~~~~~
                       vendor/ihp-io/sg13g2_io.v:23:8: ... Location of module with timescale
   23 | module sg13g2_Corner (vdd, vss, iovdd, iovss);
      |        ^~~~~~~~~~~~~
%Warning-TIMESCALEMOD: vendor/el2/design/lib/mem_lib.sv:206:8: Timescale missing on this module as other modules have it (IEEE 1800-2023 3.14.2.3)
  206 | module ram_be_1024x52(            
      |        ^~~~~~~~~~~~~~
                       vendor/ihp-io/sg13g2_io.v:23:8: ... Location of module with timescale
   23 | module sg13g2_Corner (vdd, vss, iovdd, iovss);
      |        ^~~~~~~~~~~~~
%Warning-TIMESCALEMOD: vendor/el2/design/lib/mem_lib.sv:207:8: Timescale missing on this module as other modules have it (IEEE 1800-2023 3.14.2.3)
  207 | module ram_be_512x52(            
      |        ^~~~~~~~~~~~~
                       vendor/ihp-io/sg13g2_io.v:23:8: ... Location of module with timescale
   23 | module sg13g2_Corner (vdd, vss, iovdd, iovss);
      |        ^~~~~~~~~~~~~
%Warning-TIMESCALEMOD: vendor/el2/design/lib/mem_lib.sv:208:8: Timescale missing on this module as other modules have it (IEEE 1800-2023 3.14.2.3)
  208 | module ram_be_256x52(            
      |        ^~~~~~~~~~~~~
                       vendor/ihp-io/sg13g2_io.v:23:8: ... Location of module with timescale
   23 | module sg13g2_Corner (vdd, vss, iovdd, iovss);
      |        ^~~~~~~~~~~~~
%Warning-TIMESCALEMOD: vendor/el2/design/lib/mem_lib.sv:209:8: Timescale missing on this module as other modules have it (IEEE 1800-2023 3.14.2.3)
  209 | module ram_be_128x52(            
      |        ^~~~~~~~~~~~~
                       vendor/ihp-io/sg13g2_io.v:23:8: ... Location of module with timescale
   23 | module sg13g2_Corner (vdd, vss, iovdd, iovss);
      |        ^~~~~~~~~~~~~
%Warning-TIMESCALEMOD: vendor/el2/design/lib/mem_lib.sv:210:8: Timescale missing on this module as other modules have it (IEEE 1800-2023 3.14.2.3)
  210 | module ram_be_64x52(            
      |        ^~~~~~~~~~~~
                       vendor/ihp-io/sg13g2_io.v:23:8: ... Location of module with timescale
   23 | module sg13g2_Corner (vdd, vss, iovdd, iovss);
      |        ^~~~~~~~~~~~~
%Warning-TIMESCALEMOD: vendor/el2/design/lib/mem_lib.sv:211:8: Timescale missing on this module as other modules have it (IEEE 1800-2023 3.14.2.3)
  211 | module ram_be_32x52(            
      |        ^~~~~~~~~~~~
                       vendor/ihp-io/sg13g2_io.v:23:8: ... Location of module with timescale
   23 | module sg13g2_Corner (vdd, vss, iovdd, iovss);
      |        ^~~~~~~~~~~~~
%Warning-TIMESCALEMOD: vendor/el2/design/lib/mem_lib.sv:212:8: Timescale missing on this module as other modules have it (IEEE 1800-2023 3.14.2.3)
  212 | module ram_be_4096x104(            
      |        ^~~~~~~~~~~~~~~
                       vendor/ihp-io/sg13g2_io.v:23:8: ... Location of module with timescale
   23 | module sg13g2_Corner (vdd, vss, iovdd, iovss);
      |        ^~~~~~~~~~~~~
%Warning-TIMESCALEMOD: vendor/el2/design/lib/mem_lib.sv:213:8: Timescale missing on this module as other modules have it (IEEE 1800-2023 3.14.2.3)
  213 | module ram_be_2048x104(            
      |        ^~~~~~~~~~~~~~~
                       vendor/ihp-io/sg13g2_io.v:23:8: ... Location of module with timescale
   23 | module sg13g2_Corner (vdd, vss, iovdd, iovss);
      |        ^~~~~~~~~~~~~
%Warning-TIMESCALEMOD: vendor/el2/design/lib/mem_lib.sv:214:8: Timescale missing on this module as other modules have it (IEEE 1800-2023 3.14.2.3)
  214 | module ram_be_1024x104(            
      |        ^~~~~~~~~~~~~~~
                       vendor/ihp-io/sg13g2_io.v:23:8: ... Location of module with timescale
   23 | module sg13g2_Corner (vdd, vss, iovdd, iovss);
      |        ^~~~~~~~~~~~~
%Warning-TIMESCALEMOD: vendor/el2/design/lib/mem_lib.sv:215:8: Timescale missing on this module as other modules have it (IEEE 1800-2023 3.14.2.3)
  215 | module ram_be_512x104(            
      |        ^~~~~~~~~~~~~~
                       vendor/ihp-io/sg13g2_io.v:23:8: ... Location of module with timescale
   23 | module sg13g2_Corner (vdd, vss, iovdd, iovss);
      |        ^~~~~~~~~~~~~
%Warning-TIMESCALEMOD: vendor/el2/design/lib/mem_lib.sv:216:8: Timescale missing on this module as other modules have it (IEEE 1800-2023 3.14.2.3)
  216 | module ram_be_256x104(            
      |        ^~~~~~~~~~~~~~
                       vendor/ihp-io/sg13g2_io.v:23:8: ... Location of module with timescale
   23 | module sg13g2_Corner (vdd, vss, iovdd, iovss);
      |        ^~~~~~~~~~~~~
%Warning-TIMESCALEMOD: vendor/el2/design/lib/mem_lib.sv:217:8: Timescale missing on this module as other modules have it (IEEE 1800-2023 3.14.2.3)
  217 | module ram_be_128x104(            
      |        ^~~~~~~~~~~~~~
                       vendor/ihp-io/sg13g2_io.v:23:8: ... Location of module with timescale
   23 | module sg13g2_Corner (vdd, vss, iovdd, iovss);
      |        ^~~~~~~~~~~~~
%Warning-TIMESCALEMOD: vendor/el2/design/lib/mem_lib.sv:218:8: Timescale missing on this module as other modules have it (IEEE 1800-2023 3.14.2.3)
  218 | module ram_be_64x104(            
      |        ^~~~~~~~~~~~~
                       vendor/ihp-io/sg13g2_io.v:23:8: ... Location of module with timescale
   23 | module sg13g2_Corner (vdd, vss, iovdd, iovss);
      |        ^~~~~~~~~~~~~
%Warning-TIMESCALEMOD: vendor/el2/design/lib/mem_lib.sv:219:8: Timescale missing on this module as other modules have it (IEEE 1800-2023 3.14.2.3)
  219 | module ram_be_32x104(            
      |        ^~~~~~~~~~~~~
                       vendor/ihp-io/sg13g2_io.v:23:8: ... Location of module with timescale
   23 | module sg13g2_Corner (vdd, vss, iovdd, iovss);
      |        ^~~~~~~~~~~~~
%Warning-TIMESCALEMOD: vendor/el2/design/lib/mem_lib.sv:220:8: Timescale missing on this module as other modules have it (IEEE 1800-2023 3.14.2.3)
  220 | module ram_be_4096x44(            
      |        ^~~~~~~~~~~~~~
                       vendor/ihp-io/sg13g2_io.v:23:8: ... Location of module with timescale
   23 | module sg13g2_Corner (vdd, vss, iovdd, iovss);
      |        ^~~~~~~~~~~~~
%Warning-TIMESCALEMOD: vendor/el2/design/lib/mem_lib.sv:221:8: Timescale missing on this module as other modules have it (IEEE 1800-2023 3.14.2.3)
  221 | module ram_be_2048x44(            
      |        ^~~~~~~~~~~~~~
                       vendor/ihp-io/sg13g2_io.v:23:8: ... Location of module with timescale
   23 | module sg13g2_Corner (vdd, vss, iovdd, iovss);
      |        ^~~~~~~~~~~~~
%Warning-TIMESCALEMOD: vendor/el2/design/lib/mem_lib.sv:222:8: Timescale missing on this module as other modules have it (IEEE 1800-2023 3.14.2.3)
  222 | module ram_be_1024x44(            
      |        ^~~~~~~~~~~~~~
                       vendor/ihp-io/sg13g2_io.v:23:8: ... Location of module with timescale
   23 | module sg13g2_Corner (vdd, vss, iovdd, iovss);
      |        ^~~~~~~~~~~~~
%Warning-TIMESCALEMOD: vendor/el2/design/lib/mem_lib.sv:223:8: Timescale missing on this module as other modules have it (IEEE 1800-2023 3.14.2.3)
  223 | module ram_be_512x44(            
      |        ^~~~~~~~~~~~~
                       vendor/ihp-io/sg13g2_io.v:23:8: ... Location of module with timescale
   23 | module sg13g2_Corner (vdd, vss, iovdd, iovss);
      |        ^~~~~~~~~~~~~
%Warning-TIMESCALEMOD: vendor/el2/design/lib/mem_lib.sv:224:8: Timescale missing on this module as other modules have it (IEEE 1800-2023 3.14.2.3)
  224 | module ram_be_256x44(            
      |        ^~~~~~~~~~~~~
                       vendor/ihp-io/sg13g2_io.v:23:8: ... Location of module with timescale
   23 | module sg13g2_Corner (vdd, vss, iovdd, iovss);
      |        ^~~~~~~~~~~~~
%Warning-TIMESCALEMOD: vendor/el2/design/lib/mem_lib.sv:225:8: Timescale missing on this module as other modules have it (IEEE 1800-2023 3.14.2.3)
  225 | module ram_be_128x44(            
      |        ^~~~~~~~~~~~~
                       vendor/ihp-io/sg13g2_io.v:23:8: ... Location of module with timescale
   23 | module sg13g2_Corner (vdd, vss, iovdd, iovss);
      |        ^~~~~~~~~~~~~
%Warning-TIMESCALEMOD: vendor/el2/design/lib/mem_lib.sv:226:8: Timescale missing on this module as other modules have it (IEEE 1800-2023 3.14.2.3)
  226 | module ram_be_64x44(            
      |        ^~~~~~~~~~~~
                       vendor/ihp-io/sg13g2_io.v:23:8: ... Location of module with timescale
   23 | module sg13g2_Corner (vdd, vss, iovdd, iovss);
      |        ^~~~~~~~~~~~~
%Warning-TIMESCALEMOD: vendor/el2/design/lib/mem_lib.sv:227:8: Timescale missing on this module as other modules have it (IEEE 1800-2023 3.14.2.3)
  227 | module ram_be_32x44(            
      |        ^~~~~~~~~~~~
                       vendor/ihp-io/sg13g2_io.v:23:8: ... Location of module with timescale
   23 | module sg13g2_Corner (vdd, vss, iovdd, iovss);
      |        ^~~~~~~~~~~~~
%Warning-TIMESCALEMOD: vendor/el2/design/lib/mem_lib.sv:228:8: Timescale missing on this module as other modules have it (IEEE 1800-2023 3.14.2.3)
  228 | module ram_be_4096x88(            
      |        ^~~~~~~~~~~~~~
                       vendor/ihp-io/sg13g2_io.v:23:8: ... Location of module with timescale
   23 | module sg13g2_Corner (vdd, vss, iovdd, iovss);
      |        ^~~~~~~~~~~~~
%Warning-TIMESCALEMOD: vendor/el2/design/lib/mem_lib.sv:229:8: Timescale missing on this module as other modules have it (IEEE 1800-2023 3.14.2.3)
  229 | module ram_be_2048x88(            
      |        ^~~~~~~~~~~~~~
                       vendor/ihp-io/sg13g2_io.v:23:8: ... Location of module with timescale
   23 | module sg13g2_Corner (vdd, vss, iovdd, iovss);
      |        ^~~~~~~~~~~~~
%Warning-TIMESCALEMOD: vendor/el2/design/lib/mem_lib.sv:230:8: Timescale missing on this module as other modules have it (IEEE 1800-2023 3.14.2.3)
  230 | module ram_be_1024x88(            
      |        ^~~~~~~~~~~~~~
                       vendor/ihp-io/sg13g2_io.v:23:8: ... Location of module with timescale
   23 | module sg13g2_Corner (vdd, vss, iovdd, iovss);
      |        ^~~~~~~~~~~~~
%Warning-TIMESCALEMOD: vendor/el2/design/lib/mem_lib.sv:231:8: Timescale missing on this module as other modules have it (IEEE 1800-2023 3.14.2.3)
  231 | module ram_be_512x88(            
      |        ^~~~~~~~~~~~~
                       vendor/ihp-io/sg13g2_io.v:23:8: ... Location of module with timescale
   23 | module sg13g2_Corner (vdd, vss, iovdd, iovss);
      |        ^~~~~~~~~~~~~
%Warning-TIMESCALEMOD: vendor/el2/design/lib/mem_lib.sv:232:8: Timescale missing on this module as other modules have it (IEEE 1800-2023 3.14.2.3)
  232 | module ram_be_256x88(            
      |        ^~~~~~~~~~~~~
                       vendor/ihp-io/sg13g2_io.v:23:8: ... Location of module with timescale
   23 | module sg13g2_Corner (vdd, vss, iovdd, iovss);
      |        ^~~~~~~~~~~~~
%Warning-TIMESCALEMOD: vendor/el2/design/lib/mem_lib.sv:233:8: Timescale missing on this module as other modules have it (IEEE 1800-2023 3.14.2.3)
  233 | module ram_be_128x88(            
      |        ^~~~~~~~~~~~~
                       vendor/ihp-io/sg13g2_io.v:23:8: ... Location of module with timescale
   23 | module sg13g2_Corner (vdd, vss, iovdd, iovss);
      |        ^~~~~~~~~~~~~
%Warning-TIMESCALEMOD: vendor/el2/design/lib/mem_lib.sv:234:8: Timescale missing on this module as other modules have it (IEEE 1800-2023 3.14.2.3)
  234 | module ram_be_64x88(            
      |        ^~~~~~~~~~~~
                       vendor/ihp-io/sg13g2_io.v:23:8: ... Location of module with timescale
   23 | module sg13g2_Corner (vdd, vss, iovdd, iovss);
      |        ^~~~~~~~~~~~~
%Warning-TIMESCALEMOD: vendor/el2/design/lib/mem_lib.sv:235:8: Timescale missing on this module as other modules have it (IEEE 1800-2023 3.14.2.3)
  235 | module ram_be_32x88(            
      |        ^~~~~~~~~~~~
                       vendor/ihp-io/sg13g2_io.v:23:8: ... Location of module with timescale
   23 | module sg13g2_Corner (vdd, vss, iovdd, iovss);
      |        ^~~~~~~~~~~~~
%Warning-TIMESCALEMOD: vendor/el2/design/lib/mem_lib.sv:236:8: Timescale missing on this module as other modules have it (IEEE 1800-2023 3.14.2.3)
  236 | module ram_64x39(               
      |        ^~~~~~~~~
                       vendor/ihp-io/sg13g2_io.v:23:8: ... Location of module with timescale
   23 | module sg13g2_Corner (vdd, vss, iovdd, iovss);
      |        ^~~~~~~~~~~~~
%Warning-TIMESCALEMOD: vendor/el2/design/lib/ahb_to_axi4.sv:23:8: Timescale missing on this module as other modules have it (IEEE 1800-2023 3.14.2.3)
   23 | module ahb_to_axi4
      |        ^~~~~~~~~~~
                       vendor/ihp-io/sg13g2_io.v:23:8: ... Location of module with timescale
   23 | module sg13g2_Corner (vdd, vss, iovdd, iovss);
      |        ^~~~~~~~~~~~~
%Warning-TIMESCALEMOD: vendor/el2/design/lib/axi4_to_ahb.sv:24:8: Timescale missing on this module as other modules have it (IEEE 1800-2023 3.14.2.3)
   24 | module axi4_to_ahb
      |        ^~~~~~~~~~~
                       vendor/ihp-io/sg13g2_io.v:23:8: ... Location of module with timescale
   23 | module sg13g2_Corner (vdd, vss, iovdd, iovss);
      |        ^~~~~~~~~~~~~
%Warning-TIMESCALEMOD: src/ahb_mem.sv:5:8: Timescale missing on this module as other modules have it (IEEE 1800-2023 3.14.2.3)
    5 | module ahb_mem #(parameter bit INSTRUCTION=0)(
      |        ^~~~~~~
                       vendor/ihp-io/sg13g2_io.v:23:8: ... Location of module with timescale
   23 | module sg13g2_Corner (vdd, vss, iovdd, iovss);
      |        ^~~~~~~~~~~~~
%Warning-TIMESCALEMOD: src/el2_soc.sv:3:8: Timescale missing on this module as other modules have it (IEEE 1800-2023 3.14.2.3)
    3 | module el2_soc(input logic clk,rst_n,input logic [7:0] gpio_in,
      |        ^~~~~~~
                       vendor/ihp-io/sg13g2_io.v:23:8: ... Location of module with timescale
   23 | module sg13g2_Corner (vdd, vss, iovdd, iovss);
      |        ^~~~~~~~~~~~~
%Warning-TIMESCALEMOD: src/chip_core.sv:2:8: Timescale missing on this module as other modules have it (IEEE 1800-2023 3.14.2.3)
    2 | module chip_core(input logic clk,rst_n,input logic [7:0] input_in,
      |        ^~~~~~~~~
                       vendor/ihp-io/sg13g2_io.v:23:8: ... Location of module with timescale
   23 | module sg13g2_Corner (vdd, vss, iovdd, iovss);
      |        ^~~~~~~~~~~~~
%Warning-TIMESCALEMOD: src/chip_top.sv:4:8: Timescale missing on this module as other modules have it (IEEE 1800-2023 3.14.2.3)
    4 | module chip_top(
      |        ^~~~~~~~
                       vendor/ihp-io/sg13g2_io.v:23:8: ... Location of module with timescale
   23 | module sg13g2_Corner (vdd, vss, iovdd, iovss);
      |        ^~~~~~~~~~~~~
%Warning-WIDTHTRUNC: vendor/el2/design/el2_mem.sv:147:1: Logical operator GENIF expects 1 bit on the If, but If's SEL generates 5 bits.
                                                       : ... note: In instance 'tb_chip.dut.i_chip_core.u_soc.u_cpu.mem'
  147 | if ( pt.ICACHE_ENABLE ) begin: icache
      | ^~
                     ... For warning description see https://verilator.org/warn/WIDTHTRUNC?v=0.000
                     ... Use "/* verilator lint_off WIDTHTRUNC */" and lint_on around source to disable this message.
%Warning-WIDTHTRUNC: vendor/el2/design/el2_mem.sv:166:1: Logical operator GENIF expects 1 bit on the If, but If's SEL generates 5 bits.
                                                       : ... note: In instance 'tb_chip.dut.i_chip_core.u_soc.u_cpu.mem'
  166 | if (pt.ICCM_ENABLE) begin : iccm
      | ^~
%Warning-WIDTHEXPAND: vendor/el2/design/exu/el2_exu.sv:157:44: Operator SUB expects 32 or 9 bits on the RHS, but RHS's SEL generates 6 bits.
                                                             : ... note: In instance 'tb_chip.dut.i_chip_core.u_soc.u_cpu.veer.exu'
  157 |    localparam PREDPIPESIZE = pt.BTB_ADDR_HI-pt.BTB_ADDR_LO+1+pt.BHT_GHR_SIZE+pt.BTB_BTAG_SIZE;
      |                                            ^
                      ... For warning description see https://verilator.org/warn/WIDTHEXPAND?v=0.000
                      ... Use "/* verilator lint_off WIDTHEXPAND */" and lint_on around source to disable this message.
%Warning-WIDTHEXPAND: vendor/el2/design/el2_pic_ctrl.sv:59:53: Operator ADD expects 36 bits on the RHS, but RHS's CONST '32'h1000' generates 32 bits.
                                                             : ... note: In instance 'tb_chip.dut.i_chip_core.u_soc.u_cpu.veer.pic_ctrl_inst'
   59 | localparam INTPEND_BASE_ADDR     = pt.PIC_BASE_ADDR + 32'h00001000 ;
      |                                                     ^
%Warning-WIDTHEXPAND: vendor/el2/design/el2_pic_ctrl.sv:60:53: Operator ADD expects 36 bits on the RHS, but RHS's CONST '32'h2000' generates 32 bits.
                                                             : ... note: In instance 'tb_chip.dut.i_chip_core.u_soc.u_cpu.veer.pic_ctrl_inst'
   60 | localparam INTENABLE_BASE_ADDR   = pt.PIC_BASE_ADDR + 32'h00002000 ;
      |                                                     ^
%Warning-WIDTHEXPAND: vendor/el2/design/el2_pic_ctrl.sv:61:53: Operator ADD expects 36 bits on the RHS, but RHS's CONST '32'h3000' generates 32 bits.
                                                             : ... note: In instance 'tb_chip.dut.i_chip_core.u_soc.u_cpu.veer.pic_ctrl_inst'
   61 | localparam EXT_INTR_PIC_CONFIG   = pt.PIC_BASE_ADDR + 32'h00003000 ;
      |                                                     ^
%Warning-WIDTHEXPAND: vendor/el2/design/el2_pic_ctrl.sv:62:53: Operator ADD expects 36 bits on the RHS, but RHS's CONST '32'h4000' generates 32 bits.
                                                             : ... note: In instance 'tb_chip.dut.i_chip_core.u_soc.u_cpu.veer.pic_ctrl_inst'
   62 | localparam EXT_INTR_GW_CONFIG    = pt.PIC_BASE_ADDR + 32'h00004000 ;
      |                                                     ^
%Warning-WIDTHEXPAND: vendor/el2/design/el2_pic_ctrl.sv:63:53: Operator ADD expects 36 bits on the RHS, but RHS's CONST '32'h5000' generates 32 bits.
                                                             : ... note: In instance 'tb_chip.dut.i_chip_core.u_soc.u_cpu.veer.pic_ctrl_inst'
   63 | localparam EXT_INTR_GW_CLEAR     = pt.PIC_BASE_ADDR + 32'h00005000 ;
      |                                                     ^
%Warning-WIDTHEXPAND: vendor/el2/design/el2_pic_ctrl.sv:241:81: Operator SUB expects 32 bits on the LHS, but LHS's SEL generates 13 bits.
                                                              : ... note: In instance 'tb_chip.dut.i_chip_core.u_soc.u_cpu.veer.pic_ctrl_inst'
  241 |     for(genvar i= (p==0 ? 1: 0); i< (p==INT_ENABLE_GRPS ? pt.PIC_TOTAL_INT_PLUS1-p*4 :4); i++) begin : GW
      |                                                                                 ^
%Warning-WIDTHEXPAND: vendor/el2/design/el2_pic_ctrl.sv:416:42: Operator DIV expects 32 bits on the LHS, but LHS's SEL generates 13 bits.
                                                              : ... note: In instance 'tb_chip.dut.i_chip_core.u_soc.u_cpu.veer.pic_ctrl_inst'
  416 |     for (m=0; m<=(pt.PIC_TOTAL_INT_PLUS1)/(2**(l+1)) ; m++) begin : COMPARE
      |                                          ^
%Warning-WIDTHTRUNC: vendor/el2/design/el2_dma_ctrl.sv:378:4: Logical operator GENIF expects 1 bit on the If, but If's SEL generates 5 bits.
                                                            : ... note: In instance 'tb_chip.dut.i_chip_core.u_soc.u_cpu.veer.dma_ctrl'
  378 |    if (pt.DCCM_ENABLE) begin: Gen_dccm_enable
      |    ^~
%Warning-WIDTHTRUNC: vendor/el2/design/el2_dma_ctrl.sv:391:4: Logical operator GENIF expects 1 bit on the If, but If's SEL generates 5 bits.
                                                            : ... note: In instance 'tb_chip.dut.i_chip_core.u_soc.u_cpu.veer.dma_ctrl'
  391 |    if (pt.ICCM_ENABLE) begin: Gen_iccm_enable
      |    ^~
%Warning-WIDTHTRUNC: vendor/el2/design/ifu/el2_ifu_ifc_ctl.sv:220:2: Logical operator GENIF expects 1 bit on the If, but If's SEL generates 5 bits.
                                                                   : ... note: In instance 'tb_chip.dut.i_chip_core.u_soc.u_cpu.veer.ifu.ifc'
  220 |  if (pt.ICCM_ENABLE)  begin : genblock2
      |  ^~
%Warning-WIDTHEXPAND: vendor/el2/design/ifu/el2_ifu_bp_ctl.sv:102:82: Operator ADD expects 32 or 8 bits on the LHS, but LHS's SEL generates 6 bits.
                                                                    : ... note: In instance 'tb_chip.dut.i_chip_core.u_soc.u_cpu.veer.ifu.bpred.bp'
  102 |    localparam NUM_BHT_LOOP_INNER_HI =  (pt.BHT_ARRAY_DEPTH > 16 ) ?pt.BHT_ADDR_LO+3 : pt.BHT_ADDR_HI;
      |                                                                                  ^
%Warning-WIDTHTRUNC: vendor/el2/design/ifu/el2_ifu_bp_ctl.sv:252:5: Logical operator LOGNOT expects 1 bit on the LHS, but LHS's SEL generates 5 bits.
                                                                  : ... note: In instance 'tb_chip.dut.i_chip_core.u_soc.u_cpu.veer.ifu.bpred.bp'
  252 |  if(!pt.BTB_FULLYA) begin : genblock1
      |     ^
%Warning-WIDTHTRUNC: vendor/el2/design/ifu/el2_ifu_bp_ctl.sv:589:7: Logical operator LOGNOT expects 1 bit on the LHS, but LHS's SEL generates 5 bits.
                                                                  : ... note: In instance 'tb_chip.dut.i_chip_core.u_soc.u_cpu.veer.ifu.bpred.bp'
  589 |    if(!pt.BTB_FULLYA) begin
      |       ^
%Warning-WIDTHTRUNC: vendor/el2/design/ifu/el2_ifu_bp_ctl.sv:591:7: Logical operator GENIF expects 1 bit on the If, but If's SEL generates 5 bits.
                                                                  : ... note: In instance 'tb_chip.dut.i_chip_core.u_soc.u_cpu.veer.ifu.bpred.bp'
  591 |       if(pt.BTB_BTAG_FOLD) begin : btbfold
      |       ^~
%Warning-WIDTHTRUNC: vendor/el2/design/ifu/el2_ifu_bp_ctl.sv:654:7: Logical operator LOGNOT expects 1 bit on the LHS, but LHS's SEL generates 5 bits.
                                                                  : ... note: In instance 'tb_chip.dut.i_chip_core.u_soc.u_cpu.veer.ifu.bpred.bp'
  654 |    if(!pt.BTB_FULLYA) begin
      |       ^
%Warning-WIDTHTRUNC: vendor/el2/design/ifu/el2_ifu_bp_ctl.sv:701:7: Logical operator GENIF expects 1 bit on the If, but If's SEL generates 5 bits.
                                                                  : ... note: In instance 'tb_chip.dut.i_chip_core.u_soc.u_cpu.veer.ifu.bpred.bp'
  701 |       if(pt.BTB_FULLYA) begin : fa
      |       ^~
%Warning-WIDTHEXPAND: vendor/el2/design/ifu/el2_ifu_bp_ctl.sv:846:48: Operator DIV expects 32 bits on the LHS, but LHS's SEL generates 15 bits.
                                                                    : ... note: In instance 'tb_chip.dut.i_chip_core.u_soc.u_cpu.veer.ifu.bpred.bp'
  846 |      for (genvar k=0 ; k < (pt.BHT_ARRAY_DEPTH)/NUM_BHT_LOOP ; k++) begin : BHT_CLK_GROUP
      |                                                ^
%Warning-WIDTHTRUNC: vendor/el2/design/ifu/el2_ifu_aln_ctl.sv:190:80: Logical operator COND expects 1 bit on the Conditional Test, but Conditional Test's SEL generates 5 bits.
                                                                    : ... note: In instance 'tb_chip.dut.i_chip_core.u_soc.u_cpu.veer.ifu.aln'
  190 |    localparam                                     BRDATA_SIZE  = pt.BTB_ENABLE ? 16+($clog2(pt.BTB_SIZE)*2*pt.BTB_FULLYA) : 4;
      |                                                                                ^
%Warning-WIDTHTRUNC: vendor/el2/design/ifu/el2_ifu_aln_ctl.sv:191:80: Logical operator COND expects 1 bit on the Conditional Test, but Conditional Test's SEL generates 5 bits.
                                                                    : ... note: In instance 'tb_chip.dut.i_chip_core.u_soc.u_cpu.veer.ifu.aln'
  191 |    localparam                                     BRDATA_WIDTH = pt.BTB_ENABLE ? 8+($clog2(pt.BTB_SIZE)*pt.BTB_FULLYA) : 2;
      |                                                                                ^
%Warning-WIDTHTRUNC: vendor/el2/design/ifu/el2_ifu_aln_ctl.sv:340:7: Logical operator GENIF expects 1 bit on the If, but If's SEL generates 5 bits.
                                                                   : ... note: In instance 'tb_chip.dut.i_chip_core.u_soc.u_cpu.veer.ifu.aln'
  340 |       if(pt.BTB_FULLYA) begin
      |       ^~
%Warning-WIDTHTRUNC: vendor/el2/design/ifu/el2_ifu_aln_ctl.sv:514:7: Logical operator GENIF expects 1 bit on the If, but If's SEL generates 5 bits.
                                                                   : ... note: In instance 'tb_chip.dut.i_chip_core.u_soc.u_cpu.veer.ifu.aln'
  514 |       if(pt.BTB_FULLYA) begin
      |       ^~
%Warning-WIDTHTRUNC: vendor/el2/design/ifu/el2_ifu_aln_ctl.sv:586:4: Logical operator GENIF expects 1 bit on the If, but If's SEL generates 5 bits.
                                                                   : ... note: In instance 'tb_chip.dut.i_chip_core.u_soc.u_cpu.veer.ifu.aln'
  586 |    if(pt.BTB_FULLYA) begin
      |    ^~
%Warning-WIDTHTRUNC: vendor/el2/design/ifu/el2_ifu_aln_ctl.sv:591:7: Logical operator GENIF expects 1 bit on the If, but If's SEL generates 5 bits.
                                                                   : ... note: In instance 'tb_chip.dut.i_chip_core.u_soc.u_cpu.veer.ifu.aln'
  591 |       if(pt.BTB_BTAG_FOLD) begin : btbfold
      |       ^~
%Warning-WIDTHTRUNC: vendor/el2/design/ifu/el2_ifu_mem_ctl.sv:806:3: Logical operator GENIF expects 1 bit on the If, but If's SEL generates 5 bits.
                                                                   : ... note: In instance 'tb_chip.dut.i_chip_core.u_soc.u_cpu.veer.ifu.mem_ctl'
  806 |   if (pt.ICACHE_ECC) begin : g_ic_rd_ecc_core
      |   ^~
%Warning-WIDTHTRUNC: vendor/el2/design/dec/el2_dec_decode_ctl.sv:484:4: Logical operator GENIF expects 1 bit on the If, but If's SEL generates 5 bits.
                                                                      : ... note: In instance 'tb_chip.dut.i_chip_core.u_soc.u_cpu.veer.dec.decode'
  484 |    if(pt.BTB_FULLYA) begin : genblock
      |    ^~
%Warning-WIDTHTRUNC: vendor/el2/design/dec/el2_dec_tlu_ctl.sv:1516:1: Logical operator GENIF expects 1 bit on the If, but If's SEL generates 5 bits.
                                                                    : ... note: In instance 'tb_chip.dut.i_chip_core.u_soc.u_cpu.veer.dec.tlu'
 1516 | if (pt.FAST_INTERRUPT_REDIRECT) begin
      | ^~
%Warning-WIDTHTRUNC: vendor/el2/design/dec/el2_dec_tlu_ctl.sv:2669:4: Logical operator GENIF expects 1 bit on the If, but If's SEL generates 5 bits.
                                                                    : ... note: In instance 'tb_chip.dut.i_chip_core.u_soc.u_cpu.veer.dec.tlu'
 2669 |    if(pt.FAST_INTERRUPT_REDIRECT) begin : genblock2
      |    ^~
%Warning-WIDTHTRUNC: vendor/el2/design/lib/el2_lib.sv:40:1: Logical operator GENIF expects 1 bit on the If, but If's SEL generates 5 bits.
                                                          : ... note: In instance 'tb_chip.dut.i_chip_core.u_soc.u_cpu.veer.ifu.aln.genblock2.secondhash'
   40 | if(pt.BTB_FOLD2_INDEX_HASH) begin : fold2
      | ^~
%Warning-WIDTHTRUNC: vendor/el2/design/lib/el2_lib.sv:64:4: Logical operator GENIF expects 1 bit on the If, but If's SEL generates 5 bits.
                                                          : ... note: In instance 'tb_chip.dut.i_chip_core.u_soc.u_cpu.veer.ifu.bpred.bp.fghrhs_p1'
   64 |    if(pt.BHT_GHR_HASH_1) begin : ghrhash_cfg1
      |    ^~
%Warning-WIDTHEXPAND: vendor/el2/design/lsu/el2_lsu_addrcheck.sv:199:23: Operator AND expects 5 bits on the RHS, but RHS's EQ generates 1 bits.
                                                                       : ... note: In instance 'tb_chip.dut.i_chip_core.u_soc.u_cpu.veer.lsu.lsu_lsc_ctl.addrcheck'
  199 |    if (pt.DCCM_ENABLE & (pt.DCCM_REGION == pt.PIC_REGION)) begin
      |                       ^
%Warning-WIDTHTRUNC: vendor/el2/design/lsu/el2_lsu_addrcheck.sv:199:4: Logical operator GENIF expects 1 bit on the If, but If's AND generates 5 bits.
                                                                     : ... note: In instance 'tb_chip.dut.i_chip_core.u_soc.u_cpu.veer.lsu.lsu_lsc_ctl.addrcheck'
  199 |    if (pt.DCCM_ENABLE & (pt.DCCM_REGION == pt.PIC_REGION)) begin
      |    ^~
%Warning-WIDTHTRUNC: vendor/el2/design/lib/beh_lib.sv:628:35: Operator ASSIGNW expects 32 bits on the Assign RHS, but Assign RHS's VARREF 'CCM_SADR' generates 36 bits.
                                                            : ... note: In instance 'tb_chip.dut.i_chip_core.u_soc.u_cpu.veer.Gen_AXI_To_AHB.dma_ahb_to_axi4.GenCheckRanges.addr_dccm_rangecheck'
  628 |    assign start_addr[31:0]        = CCM_SADR;
      |                                   ^
%Warning-WIDTHTRUNC: vendor/el2/design/lib/el2_lib.sv:68:17: Bit extraction of var[9:2] requires 4 bit index, not 6 bits.
                                                           : ... note: In instance 'tb_chip.dut.i_chip_core.u_soc.u_cpu.veer.ifu.bpred.bp.fghrhs_p1'
   68 |      assign hash[pt.BHT_ADDR_HI:pt.BHT_ADDR_LO] = { hashin[pt.BHT_GHR_SIZE+1:2]^ghr[pt.BHT_GHR_SIZE-1:0]};
      |                 ^
%Warning-WIDTHTRUNC: vendor/el2/design/lib/el2_lib.sv:45:15: Bit extraction of var[9:2] requires 4 bit index, not 6 bits.
                                                           : ... note: In instance 'tb_chip.dut.i_chip_core.u_soc.u_cpu.veer.ifu.aln.genblock2.secondhash'
   45 |    assign hash[pt.BTB_ADDR_HI:pt.BTB_ADDR_LO] = pc[pt.BTB_INDEX1_HI:pt.BTB_INDEX1_LO] ^
      |               ^
%Warning-WIDTHTRUNC: vendor/el2/design/lib/el2_lib.sv:45:51: Bit extraction of var[25:2] requires 5 bit index, not 9 bits.
                                                           : ... note: In instance 'tb_chip.dut.i_chip_core.u_soc.u_cpu.veer.ifu.aln.genblock2.secondhash'
   45 |    assign hash[pt.BTB_ADDR_HI:pt.BTB_ADDR_LO] = pc[pt.BTB_INDEX1_HI:pt.BTB_INDEX1_LO] ^
      |                                                   ^
%Warning-WIDTHTRUNC: vendor/el2/design/lib/el2_lib.sv:46:51: Bit extraction of var[25:2] requires 5 bit index, not 9 bits.
                                                           : ... note: In instance 'tb_chip.dut.i_chip_core.u_soc.u_cpu.veer.ifu.aln.genblock2.secondhash'
   46 |                                                 pc[pt.BTB_INDEX2_HI:pt.BTB_INDEX2_LO] ^
      |                                                   ^
%Warning-WIDTHTRUNC: vendor/el2/design/lib/el2_lib.sv:47:51: Bit extraction of var[25:2] requires 5 bit index, not 9 bits.
                                                           : ... note: In instance 'tb_chip.dut.i_chip_core.u_soc.u_cpu.veer.ifu.aln.genblock2.secondhash'
   47 |                                                 pc[pt.BTB_INDEX3_HI:pt.BTB_INDEX3_LO];
      |                                                   ^
%Warning-WIDTHEXPAND: vendor/el2/design/lsu/el2_lsu_bus_buffer.sv:431:66: Operator OR expects 5 bits on the LHS, but LHS's VARREF 'dec_tlu_wb_coalescing_disable' generates 1 bits.
                                                                        : ... note: In instance 'tb_chip.dut.i_chip_core.u_soc.u_cpu.veer.lsu.bus_intf.bus_buffer'
  431 |    assign bus_coalescing_disable = dec_tlu_wb_coalescing_disable | pt.BUILD_AHB_LITE;
      |                                                                  ^
%Warning-WIDTHTRUNC: vendor/el2/design/lsu/el2_lsu_bus_buffer.sv:431:34: Operator ASSIGNW expects 1 bits on the Assign RHS, but Assign RHS's OR generates 5 bits.
                                                                       : ... note: In instance 'tb_chip.dut.i_chip_core.u_soc.u_cpu.veer.lsu.bus_intf.bus_buffer'
  431 |    assign bus_coalescing_disable = dec_tlu_wb_coalescing_disable | pt.BUILD_AHB_LITE;
      |                                  ^
%Warning-WIDTHEXPAND: vendor/el2/design/lsu/el2_lsu_bus_buffer.sv:453:69: Operator EQ expects 32 or 4 bits on the LHS, but LHS's VARREF 'ibuf_timer' generates 3 bits.
                                                                        : ... note: In instance 'tb_chip.dut.i_chip_core.u_soc.u_cpu.veer.lsu.bus_intf.bus_buffer'
  453 |    assign ibuf_drain_vld = ibuf_valid & (((ibuf_wr_en | (ibuf_timer == TIMER_MAX)) & ~(ibuf_merge_en & ibuf_merge_in)) | ibuf_byp | ibuf_force_drain | ibuf_sideeffect | ~ibuf_write | bus_coalescing_disable);
      |                                                                     ^~
%Warning-WIDTHEXPAND: vendor/el2/design/lsu/el2_lsu_bus_buffer.sv:463:57: Operator LT expects 32 or 4 bits on the LHS, but LHS's VARREF 'ibuf_timer' generates 3 bits.
                                                                        : ... note: In instance 'tb_chip.dut.i_chip_core.u_soc.u_cpu.veer.lsu.bus_intf.bus_buffer'
  463 |    assign ibuf_timer_in = ibuf_wr_en ? '0 : (ibuf_timer < TIMER_MAX) ? (ibuf_timer + 1'b1) : ibuf_timer;
      |                                                         ^
%Warning-WIDTHEXPAND: vendor/el2/design/lsu/el2_lsu_bus_buffer.sv:501:115: Operator NEQ expects 32 or 4 bits on the LHS, but LHS's VARREF 'obuf_wr_timer' generates 3 bits.
                                                                         : ... note: In instance 'tb_chip.dut.i_chip_core.u_soc.u_cpu.veer.lsu.bus_intf.bus_buffer'
  501 |    assign obuf_wr_wait = (buf_numvld_wrcmd_any[3:0] == 4'b1) & (buf_numvld_cmd_any[3:0] == 4'b1) & (obuf_wr_timer != TIMER_MAX) &
      |                                                                                                                   ^~
%Warning-WIDTHEXPAND: vendor/el2/design/lsu/el2_lsu_bus_buffer.sv:503:96: Operator LT expects 32 or 4 bits on the LHS, but LHS's VARREF 'obuf_wr_timer' generates 3 bits.
                                                                        : ... note: In instance 'tb_chip.dut.i_chip_core.u_soc.u_cpu.veer.lsu.bus_intf.bus_buffer'
  503 |    assign obuf_wr_timer_in = obuf_wr_en ? 3'b0: (((buf_numvld_cmd_any > 4'b0) & (obuf_wr_timer < TIMER_MAX)) ? (obuf_wr_timer + 1'b1) : obuf_wr_timer);
      |                                                                                                ^
%Warning-WIDTHEXPAND: vendor/el2/design/lsu/el2_lsu_bus_buffer.sv:591:79: Operator EQ expects 32 bits on the LHS, but LHS's VARREF 'ibuf_tag' generates 2 bits.
                                                                        : ... note: In instance 'tb_chip.dut.i_chip_core.u_soc.u_cpu.veer.lsu.bus_intf.bus_buffer'
  591 |             found_wrptr0 = (buf_state[i] == IDLE) & ~((ibuf_valid & (ibuf_tag == i))                                               |
      |                                                                               ^~
%Warning-WIDTHEXPAND: vendor/el2/design/lsu/el2_lsu_bus_buffer.sv:592:82: Operator EQ expects 32 bits on the LHS, but LHS's VARREF 'WrPtr0_r' generates 2 bits.
                                                                        : ... note: In instance 'tb_chip.dut.i_chip_core.u_soc.u_cpu.veer.lsu.bus_intf.bus_buffer'
  592 |                                                       (lsu_busreq_r & ((WrPtr0_r == i) | (ldst_dual_r & (WrPtr1_r == i)))));
      |                                                                                  ^~
%Warning-WIDTHEXPAND: vendor/el2/design/lsu/el2_lsu_bus_buffer.sv:592:115: Operator EQ expects 32 bits on the LHS, but LHS's VARREF 'WrPtr1_r' generates 2 bits.
                                                                         : ... note: In instance 'tb_chip.dut.i_chip_core.u_soc.u_cpu.veer.lsu.bus_intf.bus_buffer'
  592 |                                                       (lsu_busreq_r & ((WrPtr0_r == i) | (ldst_dual_r & (WrPtr1_r == i)))));
      |                                                                                                                   ^~
%Warning-WIDTHEXPAND: vendor/el2/design/lsu/el2_lsu_bus_buffer.sv:600:79: Operator EQ expects 32 bits on the LHS, but LHS's VARREF 'ibuf_tag' generates 2 bits.
                                                                        : ... note: In instance 'tb_chip.dut.i_chip_core.u_soc.u_cpu.veer.lsu.bus_intf.bus_buffer'
  600 |             found_wrptr1 = (buf_state[i] == IDLE) & ~((ibuf_valid & (ibuf_tag == i))                                               |
      |                                                                               ^~
%Warning-WIDTHEXPAND: vendor/el2/design/lsu/el2_lsu_bus_buffer.sv:601:81: Operator EQ expects 32 bits on the LHS, but LHS's VARREF 'WrPtr0_m' generates 2 bits.
                                                                        : ... note: In instance 'tb_chip.dut.i_chip_core.u_soc.u_cpu.veer.lsu.bus_intf.bus_buffer'
  601 |                                                       (lsu_busreq_m & (WrPtr0_m == i))                                         |
      |                                                                                 ^~
%Warning-WIDTHEXPAND: vendor/el2/design/lsu/el2_lsu_bus_buffer.sv:602:82: Operator EQ expects 32 bits on the LHS, but LHS's VARREF 'WrPtr0_r' generates 2 bits.
                                                                        : ... note: In instance 'tb_chip.dut.i_chip_core.u_soc.u_cpu.veer.lsu.bus_intf.bus_buffer'
  602 |                                                       (lsu_busreq_r & ((WrPtr0_r == i) | (ldst_dual_r & (WrPtr1_r == i)))));
      |                                                                                  ^~
%Warning-WIDTHEXPAND: vendor/el2/design/lsu/el2_lsu_bus_buffer.sv:602:115: Operator EQ expects 32 bits on the LHS, but LHS's VARREF 'WrPtr1_r' generates 2 bits.
                                                                         : ... note: In instance 'tb_chip.dut.i_chip_core.u_soc.u_cpu.veer.lsu.bus_intf.bus_buffer'
  602 |                                                       (lsu_busreq_r & ((WrPtr0_r == i) | (ldst_dual_r & (WrPtr1_r == i)))));
      |                                                                                                                   ^~
%Warning-WIDTHTRUNC: vendor/el2/design/lsu/el2_lsu_bus_buffer.sv:617:19: Operator ASSIGNW expects 2 bits on the Assign RHS, but Assign RHS's FUNCREF 'f_Enc8to3' generates 3 bits.
                                                                       : ... note: In instance 'tb_chip.dut.i_chip_core.u_soc.u_cpu.veer.lsu.bus_intf.bus_buffer'
  617 |    assign CmdPtr0 = f_Enc8to3(8'(CmdPtr0Dec[DEPTH-1:0]));
      |                   ^
%Warning-WIDTHTRUNC: vendor/el2/design/lsu/el2_lsu_bus_buffer.sv:618:19: Operator ASSIGNW expects 2 bits on the Assign RHS, but Assign RHS's FUNCREF 'f_Enc8to3' generates 3 bits.
                                                                       : ... note: In instance 'tb_chip.dut.i_chip_core.u_soc.u_cpu.veer.lsu.bus_intf.bus_buffer'
  618 |    assign CmdPtr1 = f_Enc8to3(8'(CmdPtr1Dec[DEPTH-1:0]));
      |                   ^
%Warning-WIDTHTRUNC: vendor/el2/design/lsu/el2_lsu_bus_buffer.sv:619:19: Operator ASSIGNW expects 2 bits on the Assign RHS, but Assign RHS's FUNCREF 'f_Enc8to3' generates 3 bits.
                                                                       : ... note: In instance 'tb_chip.dut.i_chip_core.u_soc.u_cpu.veer.lsu.bus_intf.bus_buffer'
  619 |    assign RspPtr  = f_Enc8to3(8'(RspPtrDec[DEPTH-1:0]));
      |                   ^
%Warning-WIDTHEXPAND: vendor/el2/design/lsu/el2_lsu_bus_buffer.sv:791:54: Operator SHIFTL expects 4 bits on the LHS, but LHS's REPLICATE generates 2 bits.
                                                                        : ... note: In instance 'tb_chip.dut.i_chip_core.u_soc.u_cpu.veer.lsu.bus_intf.bus_buffer'
  791 |       buf_numvld_any[3:0] =  4'(({1'b0,lsu_busreq_m} << ldst_dual_m) +
      |                                                      ^~
%Warning-WIDTHEXPAND: vendor/el2/design/lsu/el2_lsu_bus_buffer.sv:792:54: Operator SHIFTL expects 4 bits on the LHS, but LHS's REPLICATE generates 2 bits.
                                                                        : ... note: In instance 'tb_chip.dut.i_chip_core.u_soc.u_cpu.veer.lsu.bus_intf.bus_buffer'
  792 |                                 ({1'b0,lsu_busreq_r} << ldst_dual_r) +
      |                                                      ^~
%Warning-WIDTHEXPAND: vendor/el2/design/lsu/el2_lsu_bus_buffer.sv:808:96: Operator GTE expects 32 or 9 bits on the LHS, but LHS's SEL generates 4 bits.
                                                                        : ... note: In instance 'tb_chip.dut.i_chip_core.u_soc.u_cpu.veer.lsu.bus_intf.bus_buffer'
  808 |    assign lsu_bus_buffer_full_any = (ldst_dual_d & dec_lsu_valid_raw_d) ? (buf_numvld_any[3:0] >= (DEPTH-1)) : (buf_numvld_any[3:0] == DEPTH);
      |                                                                                                ^~
%Warning-WIDTHEXPAND: vendor/el2/design/lsu/el2_lsu_bus_buffer.sv:808:133: Operator EQ expects 9 bits on the LHS, but LHS's SEL generates 4 bits.
                                                                         : ... note: In instance 'tb_chip.dut.i_chip_core.u_soc.u_cpu.veer.lsu.bus_intf.bus_buffer'
  808 |    assign lsu_bus_buffer_full_any = (ldst_dual_d & dec_lsu_valid_raw_d) ? (buf_numvld_any[3:0] >= (DEPTH-1)) : (buf_numvld_any[3:0] == DEPTH);
      |                                                                                                                                     ^~
%Warning-WIDTHEXPAND: vendor/el2/design/lsu/el2_lsu_bus_buffer.sv:914:58: Operator AND expects 3 bits on the LHS, but LHS's SEL generates 2 bits.
                                                                        : ... note: In instance 'tb_chip.dut.i_chip_core.u_soc.u_cpu.veer.lsu.bus_intf.bus_buffer'
  914 |          lsu_imprecise_error_store_tag |= DEPTH_LOG2'(i) & {DEPTH_LOG2{((buf_state[i] == DONE) & buf_error[i] & buf_write[i])}};
      |                                                          ^
%Warning-WIDTHEXPAND: vendor/el2/design/lsu/el2_lsu_bus_buffer.sv:914:58: Operator AND expects 3 bits on the RHS, but RHS's REPLICATE generates 2 bits.
                                                                        : ... note: In instance 'tb_chip.dut.i_chip_core.u_soc.u_cpu.veer.lsu.bus_intf.bus_buffer'
  914 |          lsu_imprecise_error_store_tag |= DEPTH_LOG2'(i) & {DEPTH_LOG2{((buf_state[i] == DONE) & buf_error[i] & buf_write[i])}};
      |                                                          ^
%Warning-WIDTHEXPAND: vendor/el2/design/lsu/el2_lsu_addrcheck.sv:125:59: Operator EQ expects 8 bits on the LHS, but LHS's SEL generates 4 bits.
                                                                       : ... note: In instance 'tb_chip.dut.i_chip_core.u_soc.u_cpu.veer.lsu.lsu_lsc_ctl.addrcheck'
  125 |    assign base_reg_dccm_or_pic    = (|((rs1_region_d[3:0] == pt.DCCM_REGION) & pt.DCCM_ENABLE)) | (rs1_region_d[3:0] == pt.PIC_REGION);
      |                                                           ^~
%Warning-WIDTHEXPAND: vendor/el2/design/lsu/el2_lsu_addrcheck.sv:125:78: Operator AND expects 5 bits on the LHS, but LHS's EQ generates 1 bits.
                                                                       : ... note: In instance 'tb_chip.dut.i_chip_core.u_soc.u_cpu.veer.lsu.lsu_lsc_ctl.addrcheck'
  125 |    assign base_reg_dccm_or_pic    = (|((rs1_region_d[3:0] == pt.DCCM_REGION) & pt.DCCM_ENABLE)) | (rs1_region_d[3:0] == pt.PIC_REGION);
      |                                                                              ^
%Warning-WIDTHEXPAND: vendor/el2/design/lsu/el2_lsu_addrcheck.sv:125:118: Operator EQ expects 8 bits on the LHS, but LHS's SEL generates 4 bits.
                                                                        : ... note: In instance 'tb_chip.dut.i_chip_core.u_soc.u_cpu.veer.lsu.lsu_lsc_ctl.addrcheck'
  125 |    assign base_reg_dccm_or_pic    = (|((rs1_region_d[3:0] == pt.DCCM_REGION) & pt.DCCM_ENABLE)) | (rs1_region_d[3:0] == pt.PIC_REGION);
      |                                                                                                                      ^~
%Warning-WIDTHEXPAND: vendor/el2/design/lsu/el2_lsu_addrcheck.sv:153:75: Operator OR expects 36 bits on the LHS, but LHS's SEL generates 32 bits.
                                                                       : ... note: In instance 'tb_chip.dut.i_chip_core.u_soc.u_cpu.veer.lsu.lsu_lsc_ctl.addrcheck'
  153 |    assign ACCESS0_STARTOK = pt.DATA_ACCESS_ENABLE0 & ((start_addr_d[31:0] | pt.DATA_ACCESS_MASK0)) == (pt.DATA_ACCESS_ADDR0 | pt.DATA_ACCESS_MASK0);
      |                                                                           ^
%Warning-WIDTHEXPAND: vendor/el2/design/lsu/el2_lsu_addrcheck.sv:153:52: Operator AND expects 5 bits on the RHS, but RHS's EQ generates 1 bits.
                                                                       : ... note: In instance 'tb_chip.dut.i_chip_core.u_soc.u_cpu.veer.lsu.lsu_lsc_ctl.addrcheck'
  153 |    assign ACCESS0_STARTOK = pt.DATA_ACCESS_ENABLE0 & ((start_addr_d[31:0] | pt.DATA_ACCESS_MASK0)) == (pt.DATA_ACCESS_ADDR0 | pt.DATA_ACCESS_MASK0);
      |                                                    ^
%Warning-WIDTHTRUNC: vendor/el2/design/lsu/el2_lsu_addrcheck.sv:153:27: Operator ASSIGNW expects 1 bits on the Assign RHS, but Assign RHS's AND generates 5 bits.
                                                                      : ... note: In instance 'tb_chip.dut.i_chip_core.u_soc.u_cpu.veer.lsu.lsu_lsc_ctl.addrcheck'
  153 |    assign ACCESS0_STARTOK = pt.DATA_ACCESS_ENABLE0 & ((start_addr_d[31:0] | pt.DATA_ACCESS_MASK0)) == (pt.DATA_ACCESS_ADDR0 | pt.DATA_ACCESS_MASK0);
      |                           ^
%Warning-WIDTHEXPAND: vendor/el2/design/lsu/el2_lsu_addrcheck.sv:154:75: Operator OR expects 36 bits on the LHS, but LHS's SEL generates 32 bits.
                                                                       : ... note: In instance 'tb_chip.dut.i_chip_core.u_soc.u_cpu.veer.lsu.lsu_lsc_ctl.addrcheck'
  154 |    assign ACCESS1_STARTOK = pt.DATA_ACCESS_ENABLE1 & ((start_addr_d[31:0] | pt.DATA_ACCESS_MASK1)) == (pt.DATA_ACCESS_ADDR1 | pt.DATA_ACCESS_MASK1);
      |                                                                           ^
%Warning-WIDTHEXPAND: vendor/el2/design/lsu/el2_lsu_addrcheck.sv:154:52: Operator AND expects 5 bits on the RHS, but RHS's EQ generates 1 bits.
                                                                       : ... note: In instance 'tb_chip.dut.i_chip_core.u_soc.u_cpu.veer.lsu.lsu_lsc_ctl.addrcheck'
  154 |    assign ACCESS1_STARTOK = pt.DATA_ACCESS_ENABLE1 & ((start_addr_d[31:0] | pt.DATA_ACCESS_MASK1)) == (pt.DATA_ACCESS_ADDR1 | pt.DATA_ACCESS_MASK1);
      |                                                    ^
%Warning-WIDTHTRUNC: vendor/el2/design/lsu/el2_lsu_addrcheck.sv:154:27: Operator ASSIGNW expects 1 bits on the Assign RHS, but Assign RHS's AND generates 5 bits.
                                                                      : ... note: In instance 'tb_chip.dut.i_chip_core.u_soc.u_cpu.veer.lsu.lsu_lsc_ctl.addrcheck'
  154 |    assign ACCESS1_STARTOK = pt.DATA_ACCESS_ENABLE1 & ((start_addr_d[31:0] | pt.DATA_ACCESS_MASK1)) == (pt.DATA_ACCESS_ADDR1 | pt.DATA_ACCESS_MASK1);
      |                           ^
%Warning-WIDTHEXPAND: vendor/el2/design/lsu/el2_lsu_addrcheck.sv:155:75: Operator OR expects 36 bits on the LHS, but LHS's SEL generates 32 bits.
                                                                       : ... note: In instance 'tb_chip.dut.i_chip_core.u_soc.u_cpu.veer.lsu.lsu_lsc_ctl.addrcheck'
  155 |    assign ACCESS2_STARTOK = pt.DATA_ACCESS_ENABLE2 & ((start_addr_d[31:0] | pt.DATA_ACCESS_MASK2)) == (pt.DATA_ACCESS_ADDR2 | pt.DATA_ACCESS_MASK2);
      |                                                                           ^
%Warning-WIDTHEXPAND: vendor/el2/design/lsu/el2_lsu_addrcheck.sv:155:52: Operator AND expects 5 bits on the RHS, but RHS's EQ generates 1 bits.
                                                                       : ... note: In instance 'tb_chip.dut.i_chip_core.u_soc.u_cpu.veer.lsu.lsu_lsc_ctl.addrcheck'
  155 |    assign ACCESS2_STARTOK = pt.DATA_ACCESS_ENABLE2 & ((start_addr_d[31:0] | pt.DATA_ACCESS_MASK2)) == (pt.DATA_ACCESS_ADDR2 | pt.DATA_ACCESS_MASK2);
      |                                                    ^
%Warning-WIDTHTRUNC: vendor/el2/design/lsu/el2_lsu_addrcheck.sv:155:27: Operator ASSIGNW expects 1 bits on the Assign RHS, but Assign RHS's AND generates 5 bits.
                                                                      : ... note: In instance 'tb_chip.dut.i_chip_core.u_soc.u_cpu.veer.lsu.lsu_lsc_ctl.addrcheck'
  155 |    assign ACCESS2_STARTOK = pt.DATA_ACCESS_ENABLE2 & ((start_addr_d[31:0] | pt.DATA_ACCESS_MASK2)) == (pt.DATA_ACCESS_ADDR2 | pt.DATA_ACCESS_MASK2);
      |                           ^
%Warning-WIDTHEXPAND: vendor/el2/design/lsu/el2_lsu_addrcheck.sv:156:75: Operator OR expects 36 bits on the LHS, but LHS's SEL generates 32 bits.
                                                                       : ... note: In instance 'tb_chip.dut.i_chip_core.u_soc.u_cpu.veer.lsu.lsu_lsc_ctl.addrcheck'
  156 |    assign ACCESS3_STARTOK = pt.DATA_ACCESS_ENABLE3 & ((start_addr_d[31:0] | pt.DATA_ACCESS_MASK3)) == (pt.DATA_ACCESS_ADDR3 | pt.DATA_ACCESS_MASK3);
      |                                                                           ^
%Warning-WIDTHEXPAND: vendor/el2/design/lsu/el2_lsu_addrcheck.sv:156:52: Operator AND expects 5 bits on the RHS, but RHS's EQ generates 1 bits.
                                                                       : ... note: In instance 'tb_chip.dut.i_chip_core.u_soc.u_cpu.veer.lsu.lsu_lsc_ctl.addrcheck'
  156 |    assign ACCESS3_STARTOK = pt.DATA_ACCESS_ENABLE3 & ((start_addr_d[31:0] | pt.DATA_ACCESS_MASK3)) == (pt.DATA_ACCESS_ADDR3 | pt.DATA_ACCESS_MASK3);
      |                                                    ^
%Warning-WIDTHTRUNC: vendor/el2/design/lsu/el2_lsu_addrcheck.sv:156:27: Operator ASSIGNW expects 1 bits on the Assign RHS, but Assign RHS's AND generates 5 bits.
                                                                      : ... note: In instance 'tb_chip.dut.i_chip_core.u_soc.u_cpu.veer.lsu.lsu_lsc_ctl.addrcheck'
  156 |    assign ACCESS3_STARTOK = pt.DATA_ACCESS_ENABLE3 & ((start_addr_d[31:0] | pt.DATA_ACCESS_MASK3)) == (pt.DATA_ACCESS_ADDR3 | pt.DATA_ACCESS_MASK3);
      |                           ^
%Warning-WIDTHEXPAND: vendor/el2/design/lsu/el2_lsu_addrcheck.sv:157:75: Operator OR expects 36 bits on the LHS, but LHS's SEL generates 32 bits.
                                                                       : ... note: In instance 'tb_chip.dut.i_chip_core.u_soc.u_cpu.veer.lsu.lsu_lsc_ctl.addrcheck'
  157 |    assign ACCESS4_STARTOK = pt.DATA_ACCESS_ENABLE4 & ((start_addr_d[31:0] | pt.DATA_ACCESS_MASK4)) == (pt.DATA_ACCESS_ADDR4 | pt.DATA_ACCESS_MASK4);
      |                                                                           ^
%Warning-WIDTHEXPAND: vendor/el2/design/lsu/el2_lsu_addrcheck.sv:157:52: Operator AND expects 5 bits on the RHS, but RHS's EQ generates 1 bits.
                                                                       : ... note: In instance 'tb_chip.dut.i_chip_core.u_soc.u_cpu.veer.lsu.lsu_lsc_ctl.addrcheck'
  157 |    assign ACCESS4_STARTOK = pt.DATA_ACCESS_ENABLE4 & ((start_addr_d[31:0] | pt.DATA_ACCESS_MASK4)) == (pt.DATA_ACCESS_ADDR4 | pt.DATA_ACCESS_MASK4);
      |                                                    ^
%Warning-WIDTHTRUNC: vendor/el2/design/lsu/el2_lsu_addrcheck.sv:157:27: Operator ASSIGNW expects 1 bits on the Assign RHS, but Assign RHS's AND generates 5 bits.
                                                                      : ... note: In instance 'tb_chip.dut.i_chip_core.u_soc.u_cpu.veer.lsu.lsu_lsc_ctl.addrcheck'
  157 |    assign ACCESS4_STARTOK = pt.DATA_ACCESS_ENABLE4 & ((start_addr_d[31:0] | pt.DATA_ACCESS_MASK4)) == (pt.DATA_ACCESS_ADDR4 | pt.DATA_ACCESS_MASK4);
      |                           ^
%Warning-WIDTHEXPAND: vendor/el2/design/lsu/el2_lsu_addrcheck.sv:158:75: Operator OR expects 36 bits on the LHS, but LHS's SEL generates 32 bits.
                                                                       : ... note: In instance 'tb_chip.dut.i_chip_core.u_soc.u_cpu.veer.lsu.lsu_lsc_ctl.addrcheck'
  158 |    assign ACCESS5_STARTOK = pt.DATA_ACCESS_ENABLE5 & ((start_addr_d[31:0] | pt.DATA_ACCESS_MASK5)) == (pt.DATA_ACCESS_ADDR5 | pt.DATA_ACCESS_MASK5);
      |                                                                           ^
%Warning-WIDTHEXPAND: vendor/el2/design/lsu/el2_lsu_addrcheck.sv:158:52: Operator AND expects 5 bits on the RHS, but RHS's EQ generates 1 bits.
                                                                       : ... note: In instance 'tb_chip.dut.i_chip_core.u_soc.u_cpu.veer.lsu.lsu_lsc_ctl.addrcheck'
  158 |    assign ACCESS5_STARTOK = pt.DATA_ACCESS_ENABLE5 & ((start_addr_d[31:0] | pt.DATA_ACCESS_MASK5)) == (pt.DATA_ACCESS_ADDR5 | pt.DATA_ACCESS_MASK5);
      |                                                    ^
%Warning-WIDTHTRUNC: vendor/el2/design/lsu/el2_lsu_addrcheck.sv:158:27: Operator ASSIGNW expects 1 bits on the Assign RHS, but Assign RHS's AND generates 5 bits.
                                                                      : ... note: In instance 'tb_chip.dut.i_chip_core.u_soc.u_cpu.veer.lsu.lsu_lsc_ctl.addrcheck'
  158 |    assign ACCESS5_STARTOK = pt.DATA_ACCESS_ENABLE5 & ((start_addr_d[31:0] | pt.DATA_ACCESS_MASK5)) == (pt.DATA_ACCESS_ADDR5 | pt.DATA_ACCESS_MASK5);
      |                           ^
%Warning-WIDTHEXPAND: vendor/el2/design/lsu/el2_lsu_addrcheck.sv:159:75: Operator OR expects 36 bits on the LHS, but LHS's SEL generates 32 bits.
                                                                       : ... note: In instance 'tb_chip.dut.i_chip_core.u_soc.u_cpu.veer.lsu.lsu_lsc_ctl.addrcheck'
  159 |    assign ACCESS6_STARTOK = pt.DATA_ACCESS_ENABLE6 & ((start_addr_d[31:0] | pt.DATA_ACCESS_MASK6)) == (pt.DATA_ACCESS_ADDR6 | pt.DATA_ACCESS_MASK6);
      |                                                                           ^
%Warning-WIDTHEXPAND: vendor/el2/design/lsu/el2_lsu_addrcheck.sv:159:52: Operator AND expects 5 bits on the RHS, but RHS's EQ generates 1 bits.
                                                                       : ... note: In instance 'tb_chip.dut.i_chip_core.u_soc.u_cpu.veer.lsu.lsu_lsc_ctl.addrcheck'
  159 |    assign ACCESS6_STARTOK = pt.DATA_ACCESS_ENABLE6 & ((start_addr_d[31:0] | pt.DATA_ACCESS_MASK6)) == (pt.DATA_ACCESS_ADDR6 | pt.DATA_ACCESS_MASK6);
      |                                                    ^
%Warning-WIDTHTRUNC: vendor/el2/design/lsu/el2_lsu_addrcheck.sv:159:27: Operator ASSIGNW expects 1 bits on the Assign RHS, but Assign RHS's AND generates 5 bits.
                                                                      : ... note: In instance 'tb_chip.dut.i_chip_core.u_soc.u_cpu.veer.lsu.lsu_lsc_ctl.addrcheck'
  159 |    assign ACCESS6_STARTOK = pt.DATA_ACCESS_ENABLE6 & ((start_addr_d[31:0] | pt.DATA_ACCESS_MASK6)) == (pt.DATA_ACCESS_ADDR6 | pt.DATA_ACCESS_MASK6);
      |                           ^
%Warning-WIDTHEXPAND: vendor/el2/design/lsu/el2_lsu_addrcheck.sv:160:75: Operator OR expects 36 bits on the LHS, but LHS's SEL generates 32 bits.
                                                                       : ... note: In instance 'tb_chip.dut.i_chip_core.u_soc.u_cpu.veer.lsu.lsu_lsc_ctl.addrcheck'
  160 |    assign ACCESS7_STARTOK = pt.DATA_ACCESS_ENABLE7 & ((start_addr_d[31:0] | pt.DATA_ACCESS_MASK7)) == (pt.DATA_ACCESS_ADDR7 | pt.DATA_ACCESS_MASK7);
      |                                                                           ^
%Warning-WIDTHEXPAND: vendor/el2/design/lsu/el2_lsu_addrcheck.sv:160:52: Operator AND expects 5 bits on the RHS, but RHS's EQ generates 1 bits.
                                                                       : ... note: In instance 'tb_chip.dut.i_chip_core.u_soc.u_cpu.veer.lsu.lsu_lsc_ctl.addrcheck'
  160 |    assign ACCESS7_STARTOK = pt.DATA_ACCESS_ENABLE7 & ((start_addr_d[31:0] | pt.DATA_ACCESS_MASK7)) == (pt.DATA_ACCESS_ADDR7 | pt.DATA_ACCESS_MASK7);
      |                                                    ^
%Warning-WIDTHTRUNC: vendor/el2/design/lsu/el2_lsu_addrcheck.sv:160:27: Operator ASSIGNW expects 1 bits on the Assign RHS, but Assign RHS's AND generates 5 bits.
                                                                      : ... note: In instance 'tb_chip.dut.i_chip_core.u_soc.u_cpu.veer.lsu.lsu_lsc_ctl.addrcheck'
  160 |    assign ACCESS7_STARTOK = pt.DATA_ACCESS_ENABLE7 & ((start_addr_d[31:0] | pt.DATA_ACCESS_MASK7)) == (pt.DATA_ACCESS_ADDR7 | pt.DATA_ACCESS_MASK7);
      |                           ^
%Warning-WIDTHEXPAND: vendor/el2/design/lsu/el2_lsu_addrcheck.sv:161:75: Operator OR expects 36 bits on the LHS, but LHS's SEL generates 32 bits.
                                                                       : ... note: In instance 'tb_chip.dut.i_chip_core.u_soc.u_cpu.veer.lsu.lsu_lsc_ctl.addrcheck'
  161 |    assign ACCESS0_ENDOK   = pt.DATA_ACCESS_ENABLE0 & ((end_addr_d[31:0]   | pt.DATA_ACCESS_MASK0)) == (pt.DATA_ACCESS_ADDR0 | pt.DATA_ACCESS_MASK0);
      |                                                                           ^
%Warning-WIDTHEXPAND: vendor/el2/design/lsu/el2_lsu_addrcheck.sv:161:52: Operator AND expects 5 bits on the RHS, but RHS's EQ generates 1 bits.
                                                                       : ... note: In instance 'tb_chip.dut.i_chip_core.u_soc.u_cpu.veer.lsu.lsu_lsc_ctl.addrcheck'
  161 |    assign ACCESS0_ENDOK   = pt.DATA_ACCESS_ENABLE0 & ((end_addr_d[31:0]   | pt.DATA_ACCESS_MASK0)) == (pt.DATA_ACCESS_ADDR0 | pt.DATA_ACCESS_MASK0);
      |                                                    ^
%Warning-WIDTHTRUNC: vendor/el2/design/lsu/el2_lsu_addrcheck.sv:161:27: Operator ASSIGNW expects 1 bits on the Assign RHS, but Assign RHS's AND generates 5 bits.
                                                                      : ... note: In instance 'tb_chip.dut.i_chip_core.u_soc.u_cpu.veer.lsu.lsu_lsc_ctl.addrcheck'
  161 |    assign ACCESS0_ENDOK   = pt.DATA_ACCESS_ENABLE0 & ((end_addr_d[31:0]   | pt.DATA_ACCESS_MASK0)) == (pt.DATA_ACCESS_ADDR0 | pt.DATA_ACCESS_MASK0);
      |                           ^
%Warning-WIDTHEXPAND: vendor/el2/design/lsu/el2_lsu_addrcheck.sv:162:75: Operator OR expects 36 bits on the LHS, but LHS's SEL generates 32 bits.
                                                                       : ... note: In instance 'tb_chip.dut.i_chip_core.u_soc.u_cpu.veer.lsu.lsu_lsc_ctl.addrcheck'
  162 |    assign ACCESS1_ENDOK   = pt.DATA_ACCESS_ENABLE1 & ((end_addr_d[31:0]   | pt.DATA_ACCESS_MASK1)) == (pt.DATA_ACCESS_ADDR1 | pt.DATA_ACCESS_MASK1);
      |                                                                           ^
%Warning-WIDTHEXPAND: vendor/el2/design/lsu/el2_lsu_addrcheck.sv:162:52: Operator AND expects 5 bits on the RHS, but RHS's EQ generates 1 bits.
                                                                       : ... note: In instance 'tb_chip.dut.i_chip_core.u_soc.u_cpu.veer.lsu.lsu_lsc_ctl.addrcheck'
  162 |    assign ACCESS1_ENDOK   = pt.DATA_ACCESS_ENABLE1 & ((end_addr_d[31:0]   | pt.DATA_ACCESS_MASK1)) == (pt.DATA_ACCESS_ADDR1 | pt.DATA_ACCESS_MASK1);
      |                                                    ^
%Warning-WIDTHTRUNC: vendor/el2/design/lsu/el2_lsu_addrcheck.sv:162:27: Operator ASSIGNW expects 1 bits on the Assign RHS, but Assign RHS's AND generates 5 bits.
                                                                      : ... note: In instance 'tb_chip.dut.i_chip_core.u_soc.u_cpu.veer.lsu.lsu_lsc_ctl.addrcheck'
  162 |    assign ACCESS1_ENDOK   = pt.DATA_ACCESS_ENABLE1 & ((end_addr_d[31:0]   | pt.DATA_ACCESS_MASK1)) == (pt.DATA_ACCESS_ADDR1 | pt.DATA_ACCESS_MASK1);
      |                           ^
%Warning-WIDTHEXPAND: vendor/el2/design/lsu/el2_lsu_addrcheck.sv:163:75: Operator OR expects 36 bits on the LHS, but LHS's SEL generates 32 bits.
                                                                       : ... note: In instance 'tb_chip.dut.i_chip_core.u_soc.u_cpu.veer.lsu.lsu_lsc_ctl.addrcheck'
  163 |    assign ACCESS2_ENDOK   = pt.DATA_ACCESS_ENABLE2 & ((end_addr_d[31:0]   | pt.DATA_ACCESS_MASK2)) == (pt.DATA_ACCESS_ADDR2 | pt.DATA_ACCESS_MASK2);
      |                                                                           ^
%Warning-WIDTHEXPAND: vendor/el2/design/lsu/el2_lsu_addrcheck.sv:163:52: Operator AND expects 5 bits on the RHS, but RHS's EQ generates 1 bits.
                                                                       : ... note: In instance 'tb_chip.dut.i_chip_core.u_soc.u_cpu.veer.lsu.lsu_lsc_ctl.addrcheck'
  163 |    assign ACCESS2_ENDOK   = pt.DATA_ACCESS_ENABLE2 & ((end_addr_d[31:0]   | pt.DATA_ACCESS_MASK2)) == (pt.DATA_ACCESS_ADDR2 | pt.DATA_ACCESS_MASK2);
      |                                                    ^
%Warning-WIDTHTRUNC: vendor/el2/design/lsu/el2_lsu_addrcheck.sv:163:27: Operator ASSIGNW expects 1 bits on the Assign RHS, but Assign RHS's AND generates 5 bits.
                                                                      : ... note: In instance 'tb_chip.dut.i_chip_core.u_soc.u_cpu.veer.lsu.lsu_lsc_ctl.addrcheck'
  163 |    assign ACCESS2_ENDOK   = pt.DATA_ACCESS_ENABLE2 & ((end_addr_d[31:0]   | pt.DATA_ACCESS_MASK2)) == (pt.DATA_ACCESS_ADDR2 | pt.DATA_ACCESS_MASK2);
      |                           ^
%Warning-WIDTHEXPAND: vendor/el2/design/lsu/el2_lsu_addrcheck.sv:164:75: Operator OR expects 36 bits on the LHS, but LHS's SEL generates 32 bits.
                                                                       : ... note: In instance 'tb_chip.dut.i_chip_core.u_soc.u_cpu.veer.lsu.lsu_lsc_ctl.addrcheck'
  164 |    assign ACCESS3_ENDOK   = pt.DATA_ACCESS_ENABLE3 & ((end_addr_d[31:0]   | pt.DATA_ACCESS_MASK3)) == (pt.DATA_ACCESS_ADDR3 | pt.DATA_ACCESS_MASK3);
      |                                                                           ^
%Warning-WIDTHEXPAND: vendor/el2/design/lsu/el2_lsu_addrcheck.sv:164:52: Operator AND expects 5 bits on the RHS, but RHS's EQ generates 1 bits.
                                                                       : ... note: In instance 'tb_chip.dut.i_chip_core.u_soc.u_cpu.veer.lsu.lsu_lsc_ctl.addrcheck'
  164 |    assign ACCESS3_ENDOK   = pt.DATA_ACCESS_ENABLE3 & ((end_addr_d[31:0]   | pt.DATA_ACCESS_MASK3)) == (pt.DATA_ACCESS_ADDR3 | pt.DATA_ACCESS_MASK3);
      |                                                    ^
%Warning-WIDTHTRUNC: vendor/el2/design/lsu/el2_lsu_addrcheck.sv:164:27: Operator ASSIGNW expects 1 bits on the Assign RHS, but Assign RHS's AND generates 5 bits.
                                                                      : ... note: In instance 'tb_chip.dut.i_chip_core.u_soc.u_cpu.veer.lsu.lsu_lsc_ctl.addrcheck'
  164 |    assign ACCESS3_ENDOK   = pt.DATA_ACCESS_ENABLE3 & ((end_addr_d[31:0]   | pt.DATA_ACCESS_MASK3)) == (pt.DATA_ACCESS_ADDR3 | pt.DATA_ACCESS_MASK3);
      |                           ^
%Warning-WIDTHEXPAND: vendor/el2/design/lsu/el2_lsu_addrcheck.sv:165:75: Operator OR expects 36 bits on the LHS, but LHS's SEL generates 32 bits.
                                                                       : ... note: In instance 'tb_chip.dut.i_chip_core.u_soc.u_cpu.veer.lsu.lsu_lsc_ctl.addrcheck'
  165 |    assign ACCESS4_ENDOK   = pt.DATA_ACCESS_ENABLE4 & ((end_addr_d[31:0]   | pt.DATA_ACCESS_MASK4)) == (pt.DATA_ACCESS_ADDR4 | pt.DATA_ACCESS_MASK4);
      |                                                                           ^
%Warning-WIDTHEXPAND: vendor/el2/design/lsu/el2_lsu_addrcheck.sv:165:52: Operator AND expects 5 bits on the RHS, but RHS's EQ generates 1 bits.
                                                                       : ... note: In instance 'tb_chip.dut.i_chip_core.u_soc.u_cpu.veer.lsu.lsu_lsc_ctl.addrcheck'
  165 |    assign ACCESS4_ENDOK   = pt.DATA_ACCESS_ENABLE4 & ((end_addr_d[31:0]   | pt.DATA_ACCESS_MASK4)) == (pt.DATA_ACCESS_ADDR4 | pt.DATA_ACCESS_MASK4);
      |                                                    ^
%Warning-WIDTHTRUNC: vendor/el2/design/lsu/el2_lsu_addrcheck.sv:165:27: Operator ASSIGNW expects 1 bits on the Assign RHS, but Assign RHS's AND generates 5 bits.
                                                                      : ... note: In instance 'tb_chip.dut.i_chip_core.u_soc.u_cpu.veer.lsu.lsu_lsc_ctl.addrcheck'
  165 |    assign ACCESS4_ENDOK   = pt.DATA_ACCESS_ENABLE4 & ((end_addr_d[31:0]   | pt.DATA_ACCESS_MASK4)) == (pt.DATA_ACCESS_ADDR4 | pt.DATA_ACCESS_MASK4);
      |                           ^
%Warning-WIDTHEXPAND: vendor/el2/design/lsu/el2_lsu_addrcheck.sv:166:75: Operator OR expects 36 bits on the LHS, but LHS's SEL generates 32 bits.
                                                                       : ... note: In instance 'tb_chip.dut.i_chip_core.u_soc.u_cpu.veer.lsu.lsu_lsc_ctl.addrcheck'
  166 |    assign ACCESS5_ENDOK   = pt.DATA_ACCESS_ENABLE5 & ((end_addr_d[31:0]   | pt.DATA_ACCESS_MASK5)) == (pt.DATA_ACCESS_ADDR5 | pt.DATA_ACCESS_MASK5);
      |                                                                           ^
%Warning-WIDTHEXPAND: vendor/el2/design/lsu/el2_lsu_addrcheck.sv:166:52: Operator AND expects 5 bits on the RHS, but RHS's EQ generates 1 bits.
                                                                       : ... note: In instance 'tb_chip.dut.i_chip_core.u_soc.u_cpu.veer.lsu.lsu_lsc_ctl.addrcheck'
  166 |    assign ACCESS5_ENDOK   = pt.DATA_ACCESS_ENABLE5 & ((end_addr_d[31:0]   | pt.DATA_ACCESS_MASK5)) == (pt.DATA_ACCESS_ADDR5 | pt.DATA_ACCESS_MASK5);
      |                                                    ^
%Warning-WIDTHTRUNC: vendor/el2/design/lsu/el2_lsu_addrcheck.sv:166:27: Operator ASSIGNW expects 1 bits on the Assign RHS, but Assign RHS's AND generates 5 bits.
                                                                      : ... note: In instance 'tb_chip.dut.i_chip_core.u_soc.u_cpu.veer.lsu.lsu_lsc_ctl.addrcheck'
  166 |    assign ACCESS5_ENDOK   = pt.DATA_ACCESS_ENABLE5 & ((end_addr_d[31:0]   | pt.DATA_ACCESS_MASK5)) == (pt.DATA_ACCESS_ADDR5 | pt.DATA_ACCESS_MASK5);
      |                           ^
%Warning-WIDTHEXPAND: vendor/el2/design/lsu/el2_lsu_addrcheck.sv:167:75: Operator OR expects 36 bits on the LHS, but LHS's SEL generates 32 bits.
                                                                       : ... note: In instance 'tb_chip.dut.i_chip_core.u_soc.u_cpu.veer.lsu.lsu_lsc_ctl.addrcheck'
  167 |    assign ACCESS6_ENDOK   = pt.DATA_ACCESS_ENABLE6 & ((end_addr_d[31:0]   | pt.DATA_ACCESS_MASK6)) == (pt.DATA_ACCESS_ADDR6 | pt.DATA_ACCESS_MASK6);
      |                                                                           ^
%Warning-WIDTHEXPAND: vendor/el2/design/lsu/el2_lsu_addrcheck.sv:167:52: Operator AND expects 5 bits on the RHS, but RHS's EQ generates 1 bits.
                                                                       : ... note: In instance 'tb_chip.dut.i_chip_core.u_soc.u_cpu.veer.lsu.lsu_lsc_ctl.addrcheck'
  167 |    assign ACCESS6_ENDOK   = pt.DATA_ACCESS_ENABLE6 & ((end_addr_d[31:0]   | pt.DATA_ACCESS_MASK6)) == (pt.DATA_ACCESS_ADDR6 | pt.DATA_ACCESS_MASK6);
      |                                                    ^
%Warning-WIDTHTRUNC: vendor/el2/design/lsu/el2_lsu_addrcheck.sv:167:27: Operator ASSIGNW expects 1 bits on the Assign RHS, but Assign RHS's AND generates 5 bits.
                                                                      : ... note: In instance 'tb_chip.dut.i_chip_core.u_soc.u_cpu.veer.lsu.lsu_lsc_ctl.addrcheck'
  167 |    assign ACCESS6_ENDOK   = pt.DATA_ACCESS_ENABLE6 & ((end_addr_d[31:0]   | pt.DATA_ACCESS_MASK6)) == (pt.DATA_ACCESS_ADDR6 | pt.DATA_ACCESS_MASK6);
      |                           ^
%Warning-WIDTHEXPAND: vendor/el2/design/lsu/el2_lsu_addrcheck.sv:168:75: Operator OR expects 36 bits on the LHS, but LHS's SEL generates 32 bits.
                                                                       : ... note: In instance 'tb_chip.dut.i_chip_core.u_soc.u_cpu.veer.lsu.lsu_lsc_ctl.addrcheck'
  168 |    assign ACCESS7_ENDOK   = pt.DATA_ACCESS_ENABLE7 & ((end_addr_d[31:0]   | pt.DATA_ACCESS_MASK7)) == (pt.DATA_ACCESS_ADDR7 | pt.DATA_ACCESS_MASK7);
      |                                                                           ^
%Warning-WIDTHEXPAND: vendor/el2/design/lsu/el2_lsu_addrcheck.sv:168:52: Operator AND expects 5 bits on the RHS, but RHS's EQ generates 1 bits.
                                                                       : ... note: In instance 'tb_chip.dut.i_chip_core.u_soc.u_cpu.veer.lsu.lsu_lsc_ctl.addrcheck'
  168 |    assign ACCESS7_ENDOK   = pt.DATA_ACCESS_ENABLE7 & ((end_addr_d[31:0]   | pt.DATA_ACCESS_MASK7)) == (pt.DATA_ACCESS_ADDR7 | pt.DATA_ACCESS_MASK7);
      |                                                    ^
%Warning-WIDTHTRUNC: vendor/el2/design/lsu/el2_lsu_addrcheck.sv:168:27: Operator ASSIGNW expects 1 bits on the Assign RHS, but Assign RHS's AND generates 5 bits.
                                                                      : ... note: In instance 'tb_chip.dut.i_chip_core.u_soc.u_cpu.veer.lsu.lsu_lsc_ctl.addrcheck'
  168 |    assign ACCESS7_ENDOK   = pt.DATA_ACCESS_ENABLE7 & ((end_addr_d[31:0]   | pt.DATA_ACCESS_MASK7)) == (pt.DATA_ACCESS_ADDR7 | pt.DATA_ACCESS_MASK7);
      |                           ^
%Warning-WIDTHTRUNC: vendor/el2/design/lsu/el2_lsu_dccm_ctl.sv:312:71: Bit extraction of var[15:0] requires 4 bit index, not 6 bits.
                                                                     : ... note: In instance 'tb_chip.dut.i_chip_core.u_soc.u_cpu.veer.lsu.dccm_ctl'
  312 |                                   (lsu_dccm_rden_d & ~((stbuf_addr_any[pt.DCCM_WIDTH_BITS+:pt.DCCM_BANK_BITS] == lsu_addr_d[pt.DCCM_WIDTH_BITS+:pt.DCCM_BANK_BITS]) |
      |                                                                       ^
%Warning-WIDTHTRUNC: vendor/el2/design/lsu/el2_lsu_dccm_ctl.sv:312:124: Bit extraction of var[31:0] requires 5 bit index, not 6 bits.
                                                                      : ... note: In instance 'tb_chip.dut.i_chip_core.u_soc.u_cpu.veer.lsu.dccm_ctl'
  312 |                                   (lsu_dccm_rden_d & ~((stbuf_addr_any[pt.DCCM_WIDTH_BITS+:pt.DCCM_BANK_BITS] == lsu_addr_d[pt.DCCM_WIDTH_BITS+:pt.DCCM_BANK_BITS]) |
      |                                                                                                                            ^
%Warning-WIDTHTRUNC: vendor/el2/design/lsu/el2_lsu_dccm_ctl.sv:313:71: Bit extraction of var[15:0] requires 4 bit index, not 6 bits.
                                                                     : ... note: In instance 'tb_chip.dut.i_chip_core.u_soc.u_cpu.veer.lsu.dccm_ctl'
  313 |                                                        (stbuf_addr_any[pt.DCCM_WIDTH_BITS+:pt.DCCM_BANK_BITS] == end_addr_d[pt.DCCM_WIDTH_BITS+:pt.DCCM_BANK_BITS]))));
      |                                                                       ^
%Warning-WIDTHTRUNC: vendor/el2/design/lsu/el2_lsu_dccm_ctl.sv:313:124: Bit extraction of var[15:0] requires 4 bit index, not 6 bits.
                                                                      : ... note: In instance 'tb_chip.dut.i_chip_core.u_soc.u_cpu.veer.lsu.dccm_ctl'
  313 |                                                        (stbuf_addr_any[pt.DCCM_WIDTH_BITS+:pt.DCCM_BANK_BITS] == end_addr_d[pt.DCCM_WIDTH_BITS+:pt.DCCM_BANK_BITS]))));
      |                                                                                                                            ^
%Warning-WIDTHTRUNC: vendor/el2/design/lsu/el2_lsu_dccm_ctl.sv:447:70: Bit extraction of var[38:0] requires 6 bit index, not 10 bits.
                                                                     : ... note: In instance 'tb_chip.dut.i_chip_core.u_soc.u_cpu.veer.lsu.dccm_ctl'
  447 |    assign dccm_data_ecc_lo_m[pt.DCCM_ECC_WIDTH-1:0] = dccm_rd_data_lo[pt.DCCM_FDATA_WIDTH-1:pt.DCCM_DATA_WIDTH];
      |                                                                      ^
%Warning-WIDTHTRUNC: vendor/el2/design/lsu/el2_lsu_dccm_ctl.sv:448:70: Bit extraction of var[38:0] requires 6 bit index, not 10 bits.
                                                                     : ... note: In instance 'tb_chip.dut.i_chip_core.u_soc.u_cpu.veer.lsu.dccm_ctl'
  448 |    assign dccm_data_ecc_hi_m[pt.DCCM_ECC_WIDTH-1:0] = dccm_rd_data_hi[pt.DCCM_FDATA_WIDTH-1:pt.DCCM_DATA_WIDTH];
      |                                                                      ^
%Warning-WIDTHEXPAND: vendor/el2/design/lsu/el2_lsu_dccm_ctl.sv:454:49: Operator OR expects 36 bits on the RHS, but RHS's REPLICATE generates 32 bits.
                                                                      : ... note: In instance 'tb_chip.dut.i_chip_core.u_soc.u_cpu.veer.lsu.dccm_ctl'
  454 |    assign picm_rdaddr[31:0]  = pt.PIC_BASE_ADDR | {{32-pt.PIC_BITS{1'b0}},lsu_addr_d[pt.PIC_BITS-1:0]};
      |                                                 ^
%Warning-WIDTHTRUNC: vendor/el2/design/lsu/el2_lsu_dccm_ctl.sv:454:30: Operator ASSIGNW expects 32 bits on the Assign RHS, but Assign RHS's OR generates 36 bits.
                                                                     : ... note: In instance 'tb_chip.dut.i_chip_core.u_soc.u_cpu.veer.lsu.dccm_ctl'
  454 |    assign picm_rdaddr[31:0]  = pt.PIC_BASE_ADDR | {{32-pt.PIC_BITS{1'b0}},lsu_addr_d[pt.PIC_BITS-1:0]};
      |                              ^
%Warning-WIDTHEXPAND: vendor/el2/design/lsu/el2_lsu_dccm_ctl.sv:456:49: Operator OR expects 36 bits on the RHS, but RHS's REPLICATE generates 32 bits.
                                                                      : ... note: In instance 'tb_chip.dut.i_chip_core.u_soc.u_cpu.veer.lsu.dccm_ctl'
  456 |    assign picm_wraddr[31:0]  = pt.PIC_BASE_ADDR | {{32-pt.PIC_BITS{1'b0}},(dma_pic_wen ? dma_mem_addr[pt.PIC_BITS-1:0] : lsu_addr_r[pt.PIC_BITS-1:0])};
      |                                                 ^
%Warning-WIDTHTRUNC: vendor/el2/design/lsu/el2_lsu_dccm_ctl.sv:456:30: Operator ASSIGNW expects 32 bits on the Assign RHS, but Assign RHS's OR generates 36 bits.
                                                                     : ... note: In instance 'tb_chip.dut.i_chip_core.u_soc.u_cpu.veer.lsu.dccm_ctl'
  456 |    assign picm_wraddr[31:0]  = pt.PIC_BASE_ADDR | {{32-pt.PIC_BITS{1'b0}},(dma_pic_wen ? dma_mem_addr[pt.PIC_BITS-1:0] : lsu_addr_r[pt.PIC_BITS-1:0])};
      |                              ^
%Warning-WIDTHEXPAND: vendor/el2/design/lsu/el2_lsu_stbuf.sv:255:96: Operator GTE expects 8 bits on the LHS, but LHS's SEL generates 4 bits.
                                                                   : ... note: In instance 'tb_chip.dut.i_chip_core.u_soc.u_cpu.veer.lsu.stbuf'
  255 |    assign lsu_stbuf_full_any  = (~ldst_dual_d & dec_lsu_valid_raw_d) ? (stbuf_specvld_any[3:0] >= DEPTH) : (stbuf_specvld_any[3:0] >= (DEPTH-1));
      |                                                                                                ^~
%Warning-WIDTHEXPAND: vendor/el2/design/lsu/el2_lsu_stbuf.sv:255:132: Operator GTE expects 32 or 8 bits on the LHS, but LHS's SEL generates 4 bits.
                                                                    : ... note: In instance 'tb_chip.dut.i_chip_core.u_soc.u_cpu.veer.lsu.stbuf'
  255 |    assign lsu_stbuf_full_any  = (~ldst_dual_d & dec_lsu_valid_raw_d) ? (stbuf_specvld_any[3:0] >= DEPTH) : (stbuf_specvld_any[3:0] >= (DEPTH-1));
      |                                                                                                                                    ^~
%Warning-WIDTHTRUNC: vendor/el2/design/dec/el2_dec_decode_ctl.sv:475:29: Bit extraction of var[9:2] requires 4 bit index, not 6 bits.
                                                                       : ... note: In instance 'tb_chip.dut.i_chip_core.u_soc.u_cpu.veer.dec.decode'
  475 |    assign i0_predict_index_d[pt.BTB_ADDR_HI:pt.BTB_ADDR_LO] =  dec_i0_bp_index;
      |                             ^
%Warning-WIDTHTRUNC: vendor/el2/design/ifu/el2_ifu_mem_ctl.sv:610:43: Bit extraction of var[31:1] requires 5 bit index, not 7 bits.
                                                                    : ... note: In instance 'tb_chip.dut.i_chip_core.u_soc.u_cpu.veer.ifu.mem_ctl'
  610 |                                    (imb_ff[31:pt.ICACHE_TAG_INDEX_LO] != ifu_fetch_addr_int_f[31:pt.ICACHE_TAG_INDEX_LO]) & ~uncacheable_miss_ff & ~sel_mb_addr_ff & ~ifc_region_acc_fault_final_f;
      |                                           ^
%Warning-WIDTHTRUNC: vendor/el2/design/ifu/el2_ifu_mem_ctl.sv:610:94: Bit extraction of var[31:1] requires 5 bit index, not 7 bits.
                                                                    : ... note: In instance 'tb_chip.dut.i_chip_core.u_soc.u_cpu.veer.ifu.mem_ctl'
  610 |                                    (imb_ff[31:pt.ICACHE_TAG_INDEX_LO] != ifu_fetch_addr_int_f[31:pt.ICACHE_TAG_INDEX_LO]) & ~uncacheable_miss_ff & ~sel_mb_addr_ff & ~ifc_region_acc_fault_final_f;
      |                                                                                              ^
%Warning-WIDTHTRUNC: vendor/el2/design/ifu/el2_ifu_mem_ctl.sv:612:44: Bit extraction of var[31:1] requires 5 bit index, not 7 bits.
                                                                    : ... note: In instance 'tb_chip.dut.i_chip_core.u_soc.u_cpu.veer.ifu.mem_ctl'
  612 |                                    ((imb_ff[31:pt.ICACHE_TAG_INDEX_LO] == ifu_fetch_addr_int_f[31:pt.ICACHE_TAG_INDEX_LO])  |   uncacheable_miss_ff) ;
      |                                            ^
%Warning-WIDTHTRUNC: vendor/el2/design/ifu/el2_ifu_mem_ctl.sv:612:95: Bit extraction of var[31:1] requires 5 bit index, not 7 bits.
                                                                    : ... note: In instance 'tb_chip.dut.i_chip_core.u_soc.u_cpu.veer.ifu.mem_ctl'
  612 |                                    ((imb_ff[31:pt.ICACHE_TAG_INDEX_LO] == ifu_fetch_addr_int_f[31:pt.ICACHE_TAG_INDEX_LO])  |   uncacheable_miss_ff) ;
      |                                                                                               ^
%Warning-WIDTHTRUNC: vendor/el2/design/ifu/el2_ifu_mem_ctl.sv:620:44: Bit extraction of var[31:1] requires 5 bit index, not 7 bits.
                                                                    : ... note: In instance 'tb_chip.dut.i_chip_core.u_soc.u_cpu.veer.ifu.mem_ctl'
  620 |    assign scnd_miss_index_match  =  (imb_ff[pt.ICACHE_INDEX_HI:pt.ICACHE_TAG_INDEX_LO] == imb_scnd_ff[pt.ICACHE_INDEX_HI:pt.ICACHE_TAG_INDEX_LO]) & scnd_miss_req & ~ifu_wr_cumulative_err_data;
      |                                            ^
%Warning-WIDTHTRUNC: vendor/el2/design/ifu/el2_ifu_mem_ctl.sv:620:102: Bit extraction of var[31:1] requires 5 bit index, not 7 bits.
                                                                     : ... note: In instance 'tb_chip.dut.i_chip_core.u_soc.u_cpu.veer.ifu.mem_ctl'
  620 |    assign scnd_miss_index_match  =  (imb_ff[pt.ICACHE_INDEX_HI:pt.ICACHE_TAG_INDEX_LO] == imb_scnd_ff[pt.ICACHE_INDEX_HI:pt.ICACHE_TAG_INDEX_LO]) & scnd_miss_req & ~ifu_wr_cumulative_err_data;
      |                                                                                                      ^
%Warning-WIDTHEXPAND: vendor/el2/design/ifu/el2_ifu_mem_ctl.sv:1811:82: Operator OR expects 36 bits on the LHS, but LHS's REPLICATE generates 32 bits.
                                                                      : ... note: In instance 'tb_chip.dut.i_chip_core.u_soc.u_cpu.veer.ifu.mem_ctl'
 1811 | assign ACCESS0_okay = pt.INST_ACCESS_ENABLE0 & ((({ifc_fetch_addr_bf[31:1],1'b0} | pt.INST_ACCESS_MASK0)) == (pt.INST_ACCESS_ADDR0 | pt.INST_ACCESS_MASK0)); 
      |                                                                                  ^
%Warning-WIDTHEXPAND: vendor/el2/design/ifu/el2_ifu_mem_ctl.sv:1811:46: Operator AND expects 5 bits on the RHS, but RHS's EQ generates 1 bits.
                                                                      : ... note: In instance 'tb_chip.dut.i_chip_core.u_soc.u_cpu.veer.ifu.mem_ctl'
 1811 | assign ACCESS0_okay = pt.INST_ACCESS_ENABLE0 & ((({ifc_fetch_addr_bf[31:1],1'b0} | pt.INST_ACCESS_MASK0)) == (pt.INST_ACCESS_ADDR0 | pt.INST_ACCESS_MASK0)); 
      |                                              ^
%Warning-WIDTHTRUNC: vendor/el2/design/ifu/el2_ifu_mem_ctl.sv:1811:21: Operator ASSIGNW expects 1 bits on the Assign RHS, but Assign RHS's AND generates 5 bits.
                                                                     : ... note: In instance 'tb_chip.dut.i_chip_core.u_soc.u_cpu.veer.ifu.mem_ctl'
 1811 | assign ACCESS0_okay = pt.INST_ACCESS_ENABLE0 & ((({ifc_fetch_addr_bf[31:1],1'b0} | pt.INST_ACCESS_MASK0)) == (pt.INST_ACCESS_ADDR0 | pt.INST_ACCESS_MASK0)); 
      |                     ^
%Warning-WIDTHEXPAND: vendor/el2/design/ifu/el2_ifu_mem_ctl.sv:1812:82: Operator OR expects 36 bits on the LHS, but LHS's REPLICATE generates 32 bits.
                                                                      : ... note: In instance 'tb_chip.dut.i_chip_core.u_soc.u_cpu.veer.ifu.mem_ctl'
 1812 | assign ACCESS1_okay = pt.INST_ACCESS_ENABLE1 & ((({ifc_fetch_addr_bf[31:1],1'b0} | pt.INST_ACCESS_MASK1)) == (pt.INST_ACCESS_ADDR1 | pt.INST_ACCESS_MASK1));
      |                                                                                  ^
%Warning-WIDTHEXPAND: vendor/el2/design/ifu/el2_ifu_mem_ctl.sv:1812:46: Operator AND expects 5 bits on the RHS, but RHS's EQ generates 1 bits.
                                                                      : ... note: In instance 'tb_chip.dut.i_chip_core.u_soc.u_cpu.veer.ifu.mem_ctl'
 1812 | assign ACCESS1_okay = pt.INST_ACCESS_ENABLE1 & ((({ifc_fetch_addr_bf[31:1],1'b0} | pt.INST_ACCESS_MASK1)) == (pt.INST_ACCESS_ADDR1 | pt.INST_ACCESS_MASK1));
      |                                              ^
%Warning-WIDTHTRUNC: vendor/el2/design/ifu/el2_ifu_mem_ctl.sv:1812:21: Operator ASSIGNW expects 1 bits on the Assign RHS, but Assign RHS's AND generates 5 bits.
                                                                     : ... note: In instance 'tb_chip.dut.i_chip_core.u_soc.u_cpu.veer.ifu.mem_ctl'
 1812 | assign ACCESS1_okay = pt.INST_ACCESS_ENABLE1 & ((({ifc_fetch_addr_bf[31:1],1'b0} | pt.INST_ACCESS_MASK1)) == (pt.INST_ACCESS_ADDR1 | pt.INST_ACCESS_MASK1));
      |                     ^
%Warning-WIDTHEXPAND: vendor/el2/design/ifu/el2_ifu_mem_ctl.sv:1813:82: Operator OR expects 36 bits on the LHS, but LHS's REPLICATE generates 32 bits.
                                                                      : ... note: In instance 'tb_chip.dut.i_chip_core.u_soc.u_cpu.veer.ifu.mem_ctl'
 1813 | assign ACCESS2_okay = pt.INST_ACCESS_ENABLE2 & ((({ifc_fetch_addr_bf[31:1],1'b0} | pt.INST_ACCESS_MASK2)) == (pt.INST_ACCESS_ADDR2 | pt.INST_ACCESS_MASK2));
      |                                                                                  ^
%Warning-WIDTHEXPAND: vendor/el2/design/ifu/el2_ifu_mem_ctl.sv:1813:46: Operator AND expects 5 bits on the RHS, but RHS's EQ generates 1 bits.
                                                                      : ... note: In instance 'tb_chip.dut.i_chip_core.u_soc.u_cpu.veer.ifu.mem_ctl'
 1813 | assign ACCESS2_okay = pt.INST_ACCESS_ENABLE2 & ((({ifc_fetch_addr_bf[31:1],1'b0} | pt.INST_ACCESS_MASK2)) == (pt.INST_ACCESS_ADDR2 | pt.INST_ACCESS_MASK2));
      |                                              ^
%Warning-WIDTHTRUNC: vendor/el2/design/ifu/el2_ifu_mem_ctl.sv:1813:21: Operator ASSIGNW expects 1 bits on the Assign RHS, but Assign RHS's AND generates 5 bits.
                                                                     : ... note: In instance 'tb_chip.dut.i_chip_core.u_soc.u_cpu.veer.ifu.mem_ctl'
 1813 | assign ACCESS2_okay = pt.INST_ACCESS_ENABLE2 & ((({ifc_fetch_addr_bf[31:1],1'b0} | pt.INST_ACCESS_MASK2)) == (pt.INST_ACCESS_ADDR2 | pt.INST_ACCESS_MASK2));
      |                     ^
%Warning-WIDTHEXPAND: vendor/el2/design/ifu/el2_ifu_mem_ctl.sv:1814:82: Operator OR expects 36 bits on the LHS, but LHS's REPLICATE generates 32 bits.
                                                                      : ... note: In instance 'tb_chip.dut.i_chip_core.u_soc.u_cpu.veer.ifu.mem_ctl'
 1814 | assign ACCESS3_okay = pt.INST_ACCESS_ENABLE3 & ((({ifc_fetch_addr_bf[31:1],1'b0} | pt.INST_ACCESS_MASK3)) == (pt.INST_ACCESS_ADDR3 | pt.INST_ACCESS_MASK3));
      |                                                                                  ^
%Warning-WIDTHEXPAND: vendor/el2/design/ifu/el2_ifu_mem_ctl.sv:1814:46: Operator AND expects 5 bits on the RHS, but RHS's EQ generates 1 bits.
                                                                      : ... note: In instance 'tb_chip.dut.i_chip_core.u_soc.u_cpu.veer.ifu.mem_ctl'
 1814 | assign ACCESS3_okay = pt.INST_ACCESS_ENABLE3 & ((({ifc_fetch_addr_bf[31:1],1'b0} | pt.INST_ACCESS_MASK3)) == (pt.INST_ACCESS_ADDR3 | pt.INST_ACCESS_MASK3));
      |                                              ^
%Warning-WIDTHTRUNC: vendor/el2/design/ifu/el2_ifu_mem_ctl.sv:1814:21: Operator ASSIGNW expects 1 bits on the Assign RHS, but Assign RHS's AND generates 5 bits.
                                                                     : ... note: In instance 'tb_chip.dut.i_chip_core.u_soc.u_cpu.veer.ifu.mem_ctl'
 1814 | assign ACCESS3_okay = pt.INST_ACCESS_ENABLE3 & ((({ifc_fetch_addr_bf[31:1],1'b0} | pt.INST_ACCESS_MASK3)) == (pt.INST_ACCESS_ADDR3 | pt.INST_ACCESS_MASK3));
      |                     ^
%Warning-WIDTHEXPAND: vendor/el2/design/ifu/el2_ifu_mem_ctl.sv:1815:82: Operator OR expects 36 bits on the LHS, but LHS's REPLICATE generates 32 bits.
                                                                      : ... note: In instance 'tb_chip.dut.i_chip_core.u_soc.u_cpu.veer.ifu.mem_ctl'
 1815 | assign ACCESS4_okay = pt.INST_ACCESS_ENABLE4 & ((({ifc_fetch_addr_bf[31:1],1'b0} | pt.INST_ACCESS_MASK4)) == (pt.INST_ACCESS_ADDR4 | pt.INST_ACCESS_MASK4));
      |                                                                                  ^
%Warning-WIDTHEXPAND: vendor/el2/design/ifu/el2_ifu_mem_ctl.sv:1815:46: Operator AND expects 5 bits on the RHS, but RHS's EQ generates 1 bits.
                                                                      : ... note: In instance 'tb_chip.dut.i_chip_core.u_soc.u_cpu.veer.ifu.mem_ctl'
 1815 | assign ACCESS4_okay = pt.INST_ACCESS_ENABLE4 & ((({ifc_fetch_addr_bf[31:1],1'b0} | pt.INST_ACCESS_MASK4)) == (pt.INST_ACCESS_ADDR4 | pt.INST_ACCESS_MASK4));
      |                                              ^
%Warning-WIDTHTRUNC: vendor/el2/design/ifu/el2_ifu_mem_ctl.sv:1815:21: Operator ASSIGNW expects 1 bits on the Assign RHS, but Assign RHS's AND generates 5 bits.
                                                                     : ... note: In instance 'tb_chip.dut.i_chip_core.u_soc.u_cpu.veer.ifu.mem_ctl'
 1815 | assign ACCESS4_okay = pt.INST_ACCESS_ENABLE4 & ((({ifc_fetch_addr_bf[31:1],1'b0} | pt.INST_ACCESS_MASK4)) == (pt.INST_ACCESS_ADDR4 | pt.INST_ACCESS_MASK4));
      |                     ^
%Warning-WIDTHEXPAND: vendor/el2/design/ifu/el2_ifu_mem_ctl.sv:1816:82: Operator OR expects 36 bits on the LHS, but LHS's REPLICATE generates 32 bits.
                                                                      : ... note: In instance 'tb_chip.dut.i_chip_core.u_soc.u_cpu.veer.ifu.mem_ctl'
 1816 | assign ACCESS5_okay = pt.INST_ACCESS_ENABLE5 & ((({ifc_fetch_addr_bf[31:1],1'b0} | pt.INST_ACCESS_MASK5)) == (pt.INST_ACCESS_ADDR5 | pt.INST_ACCESS_MASK5));
      |                                                                                  ^
%Warning-WIDTHEXPAND: vendor/el2/design/ifu/el2_ifu_mem_ctl.sv:1816:46: Operator AND expects 5 bits on the RHS, but RHS's EQ generates 1 bits.
                                                                      : ... note: In instance 'tb_chip.dut.i_chip_core.u_soc.u_cpu.veer.ifu.mem_ctl'
 1816 | assign ACCESS5_okay = pt.INST_ACCESS_ENABLE5 & ((({ifc_fetch_addr_bf[31:1],1'b0} | pt.INST_ACCESS_MASK5)) == (pt.INST_ACCESS_ADDR5 | pt.INST_ACCESS_MASK5));
      |                                              ^
%Warning-WIDTHTRUNC: vendor/el2/design/ifu/el2_ifu_mem_ctl.sv:1816:21: Operator ASSIGNW expects 1 bits on the Assign RHS, but Assign RHS's AND generates 5 bits.
                                                                     : ... note: In instance 'tb_chip.dut.i_chip_core.u_soc.u_cpu.veer.ifu.mem_ctl'
 1816 | assign ACCESS5_okay = pt.INST_ACCESS_ENABLE5 & ((({ifc_fetch_addr_bf[31:1],1'b0} | pt.INST_ACCESS_MASK5)) == (pt.INST_ACCESS_ADDR5 | pt.INST_ACCESS_MASK5));
      |                     ^
%Warning-WIDTHEXPAND: vendor/el2/design/ifu/el2_ifu_mem_ctl.sv:1817:82: Operator OR expects 36 bits on the LHS, but LHS's REPLICATE generates 32 bits.
                                                                      : ... note: In instance 'tb_chip.dut.i_chip_core.u_soc.u_cpu.veer.ifu.mem_ctl'
 1817 | assign ACCESS6_okay = pt.INST_ACCESS_ENABLE6 & ((({ifc_fetch_addr_bf[31:1],1'b0} | pt.INST_ACCESS_MASK6)) == (pt.INST_ACCESS_ADDR6 | pt.INST_ACCESS_MASK6));
      |                                                                                  ^
%Warning-WIDTHEXPAND: vendor/el2/design/ifu/el2_ifu_mem_ctl.sv:1817:46: Operator AND expects 5 bits on the RHS, but RHS's EQ generates 1 bits.
                                                                      : ... note: In instance 'tb_chip.dut.i_chip_core.u_soc.u_cpu.veer.ifu.mem_ctl'
 1817 | assign ACCESS6_okay = pt.INST_ACCESS_ENABLE6 & ((({ifc_fetch_addr_bf[31:1],1'b0} | pt.INST_ACCESS_MASK6)) == (pt.INST_ACCESS_ADDR6 | pt.INST_ACCESS_MASK6));
      |                                              ^
%Warning-WIDTHTRUNC: vendor/el2/design/ifu/el2_ifu_mem_ctl.sv:1817:21: Operator ASSIGNW expects 1 bits on the Assign RHS, but Assign RHS's AND generates 5 bits.
                                                                     : ... note: In instance 'tb_chip.dut.i_chip_core.u_soc.u_cpu.veer.ifu.mem_ctl'
 1817 | assign ACCESS6_okay = pt.INST_ACCESS_ENABLE6 & ((({ifc_fetch_addr_bf[31:1],1'b0} | pt.INST_ACCESS_MASK6)) == (pt.INST_ACCESS_ADDR6 | pt.INST_ACCESS_MASK6));
      |                     ^
%Warning-WIDTHEXPAND: vendor/el2/design/ifu/el2_ifu_mem_ctl.sv:1818:82: Operator OR expects 36 bits on the LHS, but LHS's REPLICATE generates 32 bits.
                                                                      : ... note: In instance 'tb_chip.dut.i_chip_core.u_soc.u_cpu.veer.ifu.mem_ctl'
 1818 | assign ACCESS7_okay = pt.INST_ACCESS_ENABLE7 & ((({ifc_fetch_addr_bf[31:1],1'b0} | pt.INST_ACCESS_MASK7)) == (pt.INST_ACCESS_ADDR7 | pt.INST_ACCESS_MASK7));
      |                                                                                  ^
%Warning-WIDTHEXPAND: vendor/el2/design/ifu/el2_ifu_mem_ctl.sv:1818:46: Operator AND expects 5 bits on the RHS, but RHS's EQ generates 1 bits.
                                                                      : ... note: In instance 'tb_chip.dut.i_chip_core.u_soc.u_cpu.veer.ifu.mem_ctl'
 1818 | assign ACCESS7_okay = pt.INST_ACCESS_ENABLE7 & ((({ifc_fetch_addr_bf[31:1],1'b0} | pt.INST_ACCESS_MASK7)) == (pt.INST_ACCESS_ADDR7 | pt.INST_ACCESS_MASK7));
      |                                              ^
%Warning-WIDTHTRUNC: vendor/el2/design/ifu/el2_ifu_mem_ctl.sv:1818:21: Operator ASSIGNW expects 1 bits on the Assign RHS, but Assign RHS's AND generates 5 bits.
                                                                     : ... note: In instance 'tb_chip.dut.i_chip_core.u_soc.u_cpu.veer.ifu.mem_ctl'
 1818 | assign ACCESS7_okay = pt.INST_ACCESS_ENABLE7 & ((({ifc_fetch_addr_bf[31:1],1'b0} | pt.INST_ACCESS_MASK7)) == (pt.INST_ACCESS_ADDR7 | pt.INST_ACCESS_MASK7));
      |                     ^
%Warning-WIDTHTRUNC: vendor/el2/design/ifu/el2_ifu_bp_ctl.sv:207:22: Bit extraction of var[9:2] requires 4 bit index, not 6 bits.
                                                                   : ... note: In instance 'tb_chip.dut.i_chip_core.u_soc.u_cpu.veer.ifu.bpred.bp'
  207 |    assign exu_mp_addr[pt.BTB_ADDR_HI:pt.BTB_ADDR_LO]  = exu_mp_index[pt.BTB_ADDR_HI:pt.BTB_ADDR_LO] ;   
      |                      ^
%Warning-WIDTHTRUNC: vendor/el2/design/ifu/el2_ifu_bp_ctl.sv:207:69: Bit extraction of var[9:2] requires 4 bit index, not 6 bits.
                                                                   : ... note: In instance 'tb_chip.dut.i_chip_core.u_soc.u_cpu.veer.ifu.bpred.bp'
  207 |    assign exu_mp_addr[pt.BTB_ADDR_HI:pt.BTB_ADDR_LO]  = exu_mp_index[pt.BTB_ADDR_HI:pt.BTB_ADDR_LO] ;   
      |                                                                     ^
%Warning-WIDTHTRUNC: vendor/el2/design/ifu/el2_ifu_bp_ctl.sv:213:30: Bit extraction of var[9:2] requires 4 bit index, not 6 bits.
                                                                   : ... note: In instance 'tb_chip.dut.i_chip_core.u_soc.u_cpu.veer.ifu.bpred.bp'
  213 |    assign dec_tlu_br0_addr_wb[pt.BTB_ADDR_HI:pt.BTB_ADDR_LO] = exu_i0_br_index_r[pt.BTB_ADDR_HI:pt.BTB_ADDR_LO];
      |                              ^
%Warning-WIDTHTRUNC: vendor/el2/design/ifu/el2_ifu_bp_ctl.sv:213:81: Bit extraction of var[9:2] requires 4 bit index, not 6 bits.
                                                                   : ... note: In instance 'tb_chip.dut.i_chip_core.u_soc.u_cpu.veer.ifu.bpred.bp'
  213 |    assign dec_tlu_br0_addr_wb[pt.BTB_ADDR_HI:pt.BTB_ADDR_LO] = exu_i0_br_index_r[pt.BTB_ADDR_HI:pt.BTB_ADDR_LO];
      |                                                                                 ^
%Warning-WIDTHTRUNC: vendor/el2/design/ifu/el2_ifu_bp_ctl.sv:228:60: Bit extraction of var[31:1] requires 5 bit index, not 9 bits.
                                                                   : ... note: In instance 'tb_chip.dut.i_chip_core.u_soc.u_cpu.veer.ifu.bpred.bp'
  228 |    el2_btb_addr_hash #(.pt(pt)) f1hash(.pc(ifc_fetch_addr_f[pt.BTB_INDEX3_HI:pt.BTB_INDEX1_LO]), .hash(btb_rd_addr_f[pt.BTB_ADDR_HI:pt.BTB_ADDR_LO]));
      |                                                            ^
%Warning-WIDTHTRUNC: vendor/el2/design/ifu/el2_ifu_bp_ctl.sv:228:117: Bit extraction of var[9:2] requires 4 bit index, not 6 bits.
                                                                    : ... note: In instance 'tb_chip.dut.i_chip_core.u_soc.u_cpu.veer.ifu.bpred.bp'
  228 |    el2_btb_addr_hash #(.pt(pt)) f1hash(.pc(ifc_fetch_addr_f[pt.BTB_INDEX3_HI:pt.BTB_INDEX1_LO]), .hash(btb_rd_addr_f[pt.BTB_ADDR_HI:pt.BTB_ADDR_LO]));
      |                                                                                                                     ^
%Warning-WIDTHTRUNC: vendor/el2/design/ifu/el2_ifu_bp_ctl.sv:232:62: Bit extraction of var[31:2] requires 5 bit index, not 9 bits.
                                                                   : ... note: In instance 'tb_chip.dut.i_chip_core.u_soc.u_cpu.veer.ifu.bpred.bp'
  232 |    el2_btb_addr_hash #(.pt(pt)) f1hash_p1(.pc(fetch_addr_p1_f[pt.BTB_INDEX3_HI:pt.BTB_INDEX1_LO]), .hash(btb_rd_addr_p1_f[pt.BTB_ADDR_HI:pt.BTB_ADDR_LO]));
      |                                                              ^
%Warning-WIDTHTRUNC: vendor/el2/design/ifu/el2_ifu_bp_ctl.sv:232:122: Bit extraction of var[9:2] requires 4 bit index, not 6 bits.
                                                                    : ... note: In instance 'tb_chip.dut.i_chip_core.u_soc.u_cpu.veer.ifu.bpred.bp'
  232 |    el2_btb_addr_hash #(.pt(pt)) f1hash_p1(.pc(fetch_addr_p1_f[pt.BTB_INDEX3_HI:pt.BTB_INDEX1_LO]), .hash(btb_rd_addr_p1_f[pt.BTB_ADDR_HI:pt.BTB_ADDR_LO]));
      |                                                                                                                          ^
%Warning-WIDTHTRUNC: vendor/el2/design/ifu/el2_ifu_bp_ctl.sv:241:75: Bit extraction of var[9:2] requires 4 bit index, not 6 bits.
                                                                   : ... note: In instance 'tb_chip.dut.i_chip_core.u_soc.u_cpu.veer.ifu.bpred.bp'
  241 |    assign branch_error_collision_f = dec_tlu_error_wb & (btb_error_addr_wb[pt.BTB_ADDR_HI:pt.BTB_ADDR_LO] == btb_rd_addr_f[pt.BTB_ADDR_HI:pt.BTB_ADDR_LO]);
      |                                                                           ^
%Warning-WIDTHTRUNC: vendor/el2/design/ifu/el2_ifu_bp_ctl.sv:241:123: Bit extraction of var[9:2] requires 4 bit index, not 6 bits.
                                                                    : ... note: In instance 'tb_chip.dut.i_chip_core.u_soc.u_cpu.veer.ifu.bpred.bp'
  241 |    assign branch_error_collision_f = dec_tlu_error_wb & (btb_error_addr_wb[pt.BTB_ADDR_HI:pt.BTB_ADDR_LO] == btb_rd_addr_f[pt.BTB_ADDR_HI:pt.BTB_ADDR_LO]);
      |                                                                                                                           ^
%Warning-WIDTHTRUNC: vendor/el2/design/ifu/el2_ifu_bp_ctl.sv:242:78: Bit extraction of var[9:2] requires 4 bit index, not 6 bits.
                                                                   : ... note: In instance 'tb_chip.dut.i_chip_core.u_soc.u_cpu.veer.ifu.bpred.bp'
  242 |    assign branch_error_collision_p1_f = dec_tlu_error_wb & (btb_error_addr_wb[pt.BTB_ADDR_HI:pt.BTB_ADDR_LO] == btb_rd_addr_p1_f[pt.BTB_ADDR_HI:pt.BTB_ADDR_LO]);
      |                                                                              ^
%Warning-WIDTHTRUNC: vendor/el2/design/ifu/el2_ifu_bp_ctl.sv:242:129: Bit extraction of var[9:2] requires 4 bit index, not 6 bits.
                                                                    : ... note: In instance 'tb_chip.dut.i_chip_core.u_soc.u_cpu.veer.ifu.bpred.bp'
  242 |    assign branch_error_collision_p1_f = dec_tlu_error_wb & (btb_error_addr_wb[pt.BTB_ADDR_HI:pt.BTB_ADDR_LO] == btb_rd_addr_p1_f[pt.BTB_ADDR_HI:pt.BTB_ADDR_LO]);
      |                                                                                                                                 ^
%Warning-WIDTHTRUNC: vendor/el2/design/ifu/el2_ifu_bp_ctl.sv:255:49: Bit extraction of var[9:2] requires 4 bit index, not 6 bits.
                                                                   : ... note: In instance 'tb_chip.dut.i_chip_core.u_soc.u_cpu.veer.ifu.bpred.bp'
  255 |                                     (exu_mp_addr[pt.BTB_ADDR_HI:pt.BTB_ADDR_LO] == btb_rd_addr_f[pt.BTB_ADDR_HI:pt.BTB_ADDR_LO])
      |                                                 ^
%Warning-WIDTHTRUNC: vendor/el2/design/ifu/el2_ifu_bp_ctl.sv:255:97: Bit extraction of var[9:2] requires 4 bit index, not 6 bits.
                                                                   : ... note: In instance 'tb_chip.dut.i_chip_core.u_soc.u_cpu.veer.ifu.bpred.bp'
  255 |                                     (exu_mp_addr[pt.BTB_ADDR_HI:pt.BTB_ADDR_LO] == btb_rd_addr_f[pt.BTB_ADDR_HI:pt.BTB_ADDR_LO])
      |                                                                                                 ^
%Warning-WIDTHTRUNC: vendor/el2/design/ifu/el2_ifu_bp_ctl.sv:259:52: Bit extraction of var[9:2] requires 4 bit index, not 6 bits.
                                                                   : ... note: In instance 'tb_chip.dut.i_chip_core.u_soc.u_cpu.veer.ifu.bpred.bp'
  259 |                                        (exu_mp_addr[pt.BTB_ADDR_HI:pt.BTB_ADDR_LO] == btb_rd_addr_p1_f[pt.BTB_ADDR_HI:pt.BTB_ADDR_LO])
      |                                                    ^
%Warning-WIDTHTRUNC: vendor/el2/design/ifu/el2_ifu_bp_ctl.sv:259:103: Bit extraction of var[9:2] requires 4 bit index, not 6 bits.
                                                                    : ... note: In instance 'tb_chip.dut.i_chip_core.u_soc.u_cpu.veer.ifu.bpred.bp'
  259 |                                        (exu_mp_addr[pt.BTB_ADDR_HI:pt.BTB_ADDR_LO] == btb_rd_addr_p1_f[pt.BTB_ADDR_HI:pt.BTB_ADDR_LO])
      |                                                                                                       ^
%Warning-WIDTHTRUNC: vendor/el2/design/ifu/el2_ifu_bp_ctl.sv:315:83: Bit extraction of var[9:2] requires 4 bit index, not 6 bits.
                                                                   : ... note: In instance 'tb_chip.dut.i_chip_core.u_soc.u_cpu.veer.ifu.bpred.bp'
  315 |    assign mp_wrindex_dec[LRU_SIZE-1:0] = {{LRU_SIZE-1{1'b0}},1'b1} <<  exu_mp_addr[pt.BTB_ADDR_HI:pt.BTB_ADDR_LO];
      |                                                                                   ^
%Warning-WIDTHTRUNC: vendor/el2/design/ifu/el2_ifu_bp_ctl.sv:318:88: Bit extraction of var[9:2] requires 4 bit index, not 6 bits.
                                                                   : ... note: In instance 'tb_chip.dut.i_chip_core.u_soc.u_cpu.veer.ifu.bpred.bp'
  318 |    assign fetch_wrindex_dec[LRU_SIZE-1:0] = {{LRU_SIZE-1{1'b0}},1'b1} <<  btb_rd_addr_f[pt.BTB_ADDR_HI:pt.BTB_ADDR_LO];
      |                                                                                        ^
%Warning-WIDTHTRUNC: vendor/el2/design/ifu/el2_ifu_bp_ctl.sv:319:94: Bit extraction of var[9:2] requires 4 bit index, not 6 bits.
                                                                   : ... note: In instance 'tb_chip.dut.i_chip_core.u_soc.u_cpu.veer.ifu.bpred.bp'
  319 |    assign fetch_wrindex_p1_dec[LRU_SIZE-1:0] = {{LRU_SIZE-1{1'b0}},1'b1} <<  btb_rd_addr_p1_f[pt.BTB_ADDR_HI:pt.BTB_ADDR_LO];
      |                                                                                              ^
%Warning-WIDTHTRUNC: vendor/el2/design/ifu/el2_ifu_bp_ctl.sv:581:28: Bit extraction of var[9:2] requires 4 bit index, not 6 bits.
                                                                   : ... note: In instance 'tb_chip.dut.i_chip_core.u_soc.u_cpu.veer.ifu.bpred.bp'
  581 |    assign btb_error_addr_wb[pt.BTB_ADDR_HI:pt.BTB_ADDR_LO] = dec_tlu_br0_addr_wb[pt.BTB_ADDR_HI:pt.BTB_ADDR_LO];
      |                            ^
%Warning-WIDTHTRUNC: vendor/el2/design/ifu/el2_ifu_bp_ctl.sv:581:81: Bit extraction of var[9:2] requires 4 bit index, not 6 bits.
                                                                   : ... note: In instance 'tb_chip.dut.i_chip_core.u_soc.u_cpu.veer.ifu.bpred.bp'
  581 |    assign btb_error_addr_wb[pt.BTB_ADDR_HI:pt.BTB_ADDR_LO] = dec_tlu_br0_addr_wb[pt.BTB_ADDR_HI:pt.BTB_ADDR_LO];
      |                                                                                 ^
%Warning-WIDTHTRUNC: vendor/el2/design/ifu/el2_ifu_bp_ctl.sv:609:25: Bit extraction of var[9:2] requires 4 bit index, not 6 bits.
                                                                   : ... note: In instance 'tb_chip.dut.i_chip_core.u_soc.u_cpu.veer.ifu.bpred.bp'
  609 |       assign btb_wr_addr[pt.BTB_ADDR_HI:pt.BTB_ADDR_LO] = dec_tlu_error_wb ? btb_error_addr_wb[pt.BTB_ADDR_HI:pt.BTB_ADDR_LO] : exu_mp_addr[pt.BTB_ADDR_HI:pt.BTB_ADDR_LO];
      |                         ^
%Warning-WIDTHTRUNC: vendor/el2/design/ifu/el2_ifu_bp_ctl.sv:609:95: Bit extraction of var[9:2] requires 4 bit index, not 6 bits.
                                                                   : ... note: In instance 'tb_chip.dut.i_chip_core.u_soc.u_cpu.veer.ifu.bpred.bp'
  609 |       assign btb_wr_addr[pt.BTB_ADDR_HI:pt.BTB_ADDR_LO] = dec_tlu_error_wb ? btb_error_addr_wb[pt.BTB_ADDR_HI:pt.BTB_ADDR_LO] : exu_mp_addr[pt.BTB_ADDR_HI:pt.BTB_ADDR_LO];
      |                                                                                               ^
%Warning-WIDTHTRUNC: vendor/el2/design/ifu/el2_ifu_bp_ctl.sv:609:140: Bit extraction of var[9:2] requires 4 bit index, not 6 bits.
                                                                    : ... note: In instance 'tb_chip.dut.i_chip_core.u_soc.u_cpu.veer.ifu.bpred.bp'
  609 |       assign btb_wr_addr[pt.BTB_ADDR_HI:pt.BTB_ADDR_LO] = dec_tlu_error_wb ? btb_error_addr_wb[pt.BTB_ADDR_HI:pt.BTB_ADDR_LO] : exu_mp_addr[pt.BTB_ADDR_HI:pt.BTB_ADDR_LO];
      |                                                                                                                                            ^
%Warning-WIDTHTRUNC: vendor/el2/design/ifu/el2_ifu_bp_ctl.sv:637:61: Bit extraction of var[9:2] requires 4 bit index, not 6 bits.
                                                                   : ... note: In instance 'tb_chip.dut.i_chip_core.u_soc.u_cpu.veer.ifu.bpred.bp'
  637 |    el2_btb_ghr_hash #(.pt(pt)) mpghrhs  (.hashin(exu_mp_addr[pt.BTB_ADDR_HI:pt.BTB_ADDR_LO]), .ghr(exu_mp_eghr[pt.BHT_GHR_SIZE-1:0]), .hash(mp_hashed[pt.BHT_ADDR_HI:pt.BHT_ADDR_LO]));
      |                                                             ^
%Warning-WIDTHTRUNC: vendor/el2/design/ifu/el2_ifu_bp_ctl.sv:637:150: Bit extraction of var[9:2] requires 4 bit index, not 6 bits.
                                                                    : ... note: In instance 'tb_chip.dut.i_chip_core.u_soc.u_cpu.veer.ifu.bpred.bp'
  637 |    el2_btb_ghr_hash #(.pt(pt)) mpghrhs  (.hashin(exu_mp_addr[pt.BTB_ADDR_HI:pt.BTB_ADDR_LO]), .ghr(exu_mp_eghr[pt.BHT_GHR_SIZE-1:0]), .hash(mp_hashed[pt.BHT_ADDR_HI:pt.BHT_ADDR_LO]));
      |                                                                                                                                                      ^
%Warning-WIDTHTRUNC: vendor/el2/design/ifu/el2_ifu_bp_ctl.sv:638:69: Bit extraction of var[9:2] requires 4 bit index, not 6 bits.
                                                                   : ... note: In instance 'tb_chip.dut.i_chip_core.u_soc.u_cpu.veer.ifu.bpred.bp'
  638 |    el2_btb_ghr_hash #(.pt(pt)) br0ghrhs (.hashin(dec_tlu_br0_addr_wb[pt.BTB_ADDR_HI:pt.BTB_ADDR_LO]), .ghr(exu_i0_br_fghr_wb[pt.BHT_GHR_SIZE-1:0]), .hash(br0_hashed_wb[pt.BHT_ADDR_HI:pt.BHT_ADDR_LO]));
      |                                                                     ^
%Warning-WIDTHTRUNC: vendor/el2/design/ifu/el2_ifu_bp_ctl.sv:638:168: Bit extraction of var[9:2] requires 4 bit index, not 6 bits.
                                                                    : ... note: In instance 'tb_chip.dut.i_chip_core.u_soc.u_cpu.veer.ifu.bpred.bp'
  638 |    el2_btb_ghr_hash #(.pt(pt)) br0ghrhs (.hashin(dec_tlu_br0_addr_wb[pt.BTB_ADDR_HI:pt.BTB_ADDR_LO]), .ghr(exu_i0_br_fghr_wb[pt.BHT_GHR_SIZE-1:0]), .hash(br0_hashed_wb[pt.BHT_ADDR_HI:pt.BHT_ADDR_LO]));
      |                                                                                                                                                                        ^
%Warning-WIDTHTRUNC: vendor/el2/design/ifu/el2_ifu_bp_ctl.sv:639:61: Bit extraction of var[9:2] requires 4 bit index, not 6 bits.
                                                                   : ... note: In instance 'tb_chip.dut.i_chip_core.u_soc.u_cpu.veer.ifu.bpred.bp'
  639 |    el2_btb_ghr_hash #(.pt(pt)) fghrhs (.hashin(btb_rd_addr_f[pt.BTB_ADDR_HI:pt.BTB_ADDR_LO]), .ghr(fghr[pt.BHT_GHR_SIZE-1:0]), .hash(bht_rd_addr_hashed_f[pt.BHT_ADDR_HI:pt.BHT_ADDR_LO]));
      |                                                             ^
%Warning-WIDTHTRUNC: vendor/el2/design/ifu/el2_ifu_bp_ctl.sv:639:154: Bit extraction of var[9:2] requires 4 bit index, not 6 bits.
                                                                    : ... note: In instance 'tb_chip.dut.i_chip_core.u_soc.u_cpu.veer.ifu.bpred.bp'
  639 |    el2_btb_ghr_hash #(.pt(pt)) fghrhs (.hashin(btb_rd_addr_f[pt.BTB_ADDR_HI:pt.BTB_ADDR_LO]), .ghr(fghr[pt.BHT_GHR_SIZE-1:0]), .hash(bht_rd_addr_hashed_f[pt.BHT_ADDR_HI:pt.BHT_ADDR_LO]));
      |                                                                                                                                                          ^
%Warning-WIDTHTRUNC: vendor/el2/design/ifu/el2_ifu_bp_ctl.sv:640:67: Bit extraction of var[9:2] requires 4 bit index, not 6 bits.
                                                                   : ... note: In instance 'tb_chip.dut.i_chip_core.u_soc.u_cpu.veer.ifu.bpred.bp'
  640 |    el2_btb_ghr_hash #(.pt(pt)) fghrhs_p1 (.hashin(btb_rd_addr_p1_f[pt.BTB_ADDR_HI:pt.BTB_ADDR_LO]), .ghr(fghr[pt.BHT_GHR_SIZE-1:0]), .hash(bht_rd_addr_hashed_p1_f[pt.BHT_ADDR_HI:pt.BHT_ADDR_LO]));
      |                                                                   ^
%Warning-WIDTHTRUNC: vendor/el2/design/ifu/el2_ifu_bp_ctl.sv:640:163: Bit extraction of var[9:2] requires 4 bit index, not 6 bits.
                                                                    : ... note: In instance 'tb_chip.dut.i_chip_core.u_soc.u_cpu.veer.ifu.bpred.bp'
  640 |    el2_btb_ghr_hash #(.pt(pt)) fghrhs_p1 (.hashin(btb_rd_addr_p1_f[pt.BTB_ADDR_HI:pt.BTB_ADDR_LO]), .ghr(fghr[pt.BHT_GHR_SIZE-1:0]), .hash(bht_rd_addr_hashed_p1_f[pt.BHT_ADDR_HI:pt.BHT_ADDR_LO]));
      |                                                                                                                                                                   ^
%Warning-WIDTHTRUNC: vendor/el2/design/ifu/el2_ifu_bp_ctl.sv:642:23: Bit extraction of var[9:2] requires 4 bit index, not 6 bits.
                                                                   : ... note: In instance 'tb_chip.dut.i_chip_core.u_soc.u_cpu.veer.ifu.bpred.bp'
  642 |    assign bht_wr_addr0[pt.BHT_ADDR_HI:pt.BHT_ADDR_LO] = mp_hashed[pt.BHT_ADDR_HI:pt.BHT_ADDR_LO];
      |                       ^
%Warning-WIDTHTRUNC: vendor/el2/design/ifu/el2_ifu_bp_ctl.sv:642:66: Bit extraction of var[9:2] requires 4 bit index, not 6 bits.
                                                                   : ... note: In instance 'tb_chip.dut.i_chip_core.u_soc.u_cpu.veer.ifu.bpred.bp'
  642 |    assign bht_wr_addr0[pt.BHT_ADDR_HI:pt.BHT_ADDR_LO] = mp_hashed[pt.BHT_ADDR_HI:pt.BHT_ADDR_LO];
      |                                                                  ^
%Warning-WIDTHTRUNC: vendor/el2/design/ifu/el2_ifu_bp_ctl.sv:643:23: Bit extraction of var[9:2] requires 4 bit index, not 6 bits.
                                                                   : ... note: In instance 'tb_chip.dut.i_chip_core.u_soc.u_cpu.veer.ifu.bpred.bp'
  643 |    assign bht_wr_addr2[pt.BHT_ADDR_HI:pt.BHT_ADDR_LO] = br0_hashed_wb[pt.BHT_ADDR_HI:pt.BHT_ADDR_LO];
      |                       ^
%Warning-WIDTHTRUNC: vendor/el2/design/ifu/el2_ifu_bp_ctl.sv:643:70: Bit extraction of var[9:2] requires 4 bit index, not 6 bits.
                                                                   : ... note: In instance 'tb_chip.dut.i_chip_core.u_soc.u_cpu.veer.ifu.bpred.bp'
  643 |    assign bht_wr_addr2[pt.BHT_ADDR_HI:pt.BHT_ADDR_LO] = br0_hashed_wb[pt.BHT_ADDR_HI:pt.BHT_ADDR_LO];
      |                                                                      ^
%Warning-WIDTHTRUNC: vendor/el2/design/ifu/el2_ifu_bp_ctl.sv:644:24: Bit extraction of var[9:2] requires 4 bit index, not 6 bits.
                                                                   : ... note: In instance 'tb_chip.dut.i_chip_core.u_soc.u_cpu.veer.ifu.bpred.bp'
  644 |    assign bht_rd_addr_f[pt.BHT_ADDR_HI:pt.BHT_ADDR_LO] = bht_rd_addr_hashed_f[pt.BHT_ADDR_HI:pt.BHT_ADDR_LO];
      |                        ^
%Warning-WIDTHTRUNC: vendor/el2/design/ifu/el2_ifu_bp_ctl.sv:644:78: Bit extraction of var[9:2] requires 4 bit index, not 6 bits.
                                                                   : ... note: In instance 'tb_chip.dut.i_chip_core.u_soc.u_cpu.veer.ifu.bpred.bp'
  644 |    assign bht_rd_addr_f[pt.BHT_ADDR_HI:pt.BHT_ADDR_LO] = bht_rd_addr_hashed_f[pt.BHT_ADDR_HI:pt.BHT_ADDR_LO];
      |                                                                              ^
%Warning-WIDTHTRUNC: vendor/el2/design/ifu/el2_ifu_bp_ctl.sv:645:27: Bit extraction of var[9:2] requires 4 bit index, not 6 bits.
                                                                   : ... note: In instance 'tb_chip.dut.i_chip_core.u_soc.u_cpu.veer.ifu.bpred.bp'
  645 |    assign bht_rd_addr_p1_f[pt.BHT_ADDR_HI:pt.BHT_ADDR_LO] = bht_rd_addr_hashed_p1_f[pt.BHT_ADDR_HI:pt.BHT_ADDR_LO];
      |                           ^
%Warning-WIDTHTRUNC: vendor/el2/design/ifu/el2_ifu_bp_ctl.sv:645:84: Bit extraction of var[9:2] requires 4 bit index, not 6 bits.
                                                                   : ... note: In instance 'tb_chip.dut.i_chip_core.u_soc.u_cpu.veer.ifu.bpred.bp'
  645 |    assign bht_rd_addr_p1_f[pt.BHT_ADDR_HI:pt.BHT_ADDR_LO] = bht_rd_addr_hashed_p1_f[pt.BHT_ADDR_HI:pt.BHT_ADDR_LO];
      |                                                                                    ^
%Warning-WIDTHTRUNC: vendor/el2/design/ifu/el2_ifu_bp_ctl.sv:659:38: Bit extraction of var[9:2] requires 4 bit index, not 6 bits.
                                                                   : ... note: In instance 'tb_chip.dut.i_chip_core.u_soc.u_cpu.veer.ifu.bpred.bp'
  659 |                     .en(((btb_wr_addr[pt.BTB_ADDR_HI:pt.BTB_ADDR_LO] == j) & btb_wr_en_way0)),
      |                                      ^
%Warning-WIDTHTRUNC: vendor/el2/design/ifu/el2_ifu_bp_ctl.sv:665:38: Bit extraction of var[9:2] requires 4 bit index, not 6 bits.
                                                                   : ... note: In instance 'tb_chip.dut.i_chip_core.u_soc.u_cpu.veer.ifu.bpred.bp'
  665 |                     .en(((btb_wr_addr[pt.BTB_ADDR_HI:pt.BTB_ADDR_LO] == j) & btb_wr_en_way1)),
      |                                      ^
%Warning-WIDTHTRUNC: vendor/el2/design/ifu/el2_ifu_bp_ctl.sv:679:28: Bit extraction of var[9:2] requires 4 bit index, not 6 bits.
                                                                   : ... note: In instance 'tb_chip.dut.i_chip_core.u_soc.u_cpu.veer.ifu.bpred.bp'
  679 |           if (btb_rd_addr_f[pt.BTB_ADDR_HI:pt.BTB_ADDR_LO] == (pt.BTB_ADDR_HI-pt.BTB_ADDR_LO+1)'(j)) begin
      |                            ^
%Warning-WIDTHEXPAND: vendor/el2/design/ifu/el2_ifu_bp_ctl.sv:679:78: Operator SUB expects 32 or 9 bits on the RHS, but RHS's SEL generates 6 bits.
                                                                    : ... note: In instance 'tb_chip.dut.i_chip_core.u_soc.u_cpu.veer.ifu.bpred.bp'
  679 |           if (btb_rd_addr_f[pt.BTB_ADDR_HI:pt.BTB_ADDR_LO] == (pt.BTB_ADDR_HI-pt.BTB_ADDR_LO+1)'(j)) begin
      |                                                                              ^
%Warning-WIDTHTRUNC: vendor/el2/design/ifu/el2_ifu_bp_ctl.sv:687:31: Bit extraction of var[9:2] requires 4 bit index, not 6 bits.
                                                                   : ... note: In instance 'tb_chip.dut.i_chip_core.u_soc.u_cpu.veer.ifu.bpred.bp'
  687 |           if (btb_rd_addr_p1_f[pt.BTB_ADDR_HI:pt.BTB_ADDR_LO] == (pt.BTB_ADDR_HI-pt.BTB_ADDR_LO+1)'(j)) begin
      |                               ^
%Warning-WIDTHEXPAND: vendor/el2/design/ifu/el2_ifu_bp_ctl.sv:687:81: Operator SUB expects 32 or 9 bits on the RHS, but RHS's SEL generates 6 bits.
                                                                    : ... note: In instance 'tb_chip.dut.i_chip_core.u_soc.u_cpu.veer.ifu.bpred.bp'
  687 |           if (btb_rd_addr_p1_f[pt.BTB_ADDR_HI:pt.BTB_ADDR_LO] == (pt.BTB_ADDR_HI-pt.BTB_ADDR_LO+1)'(j)) begin
      |                                                                                 ^
%Warning-WIDTHTRUNC: vendor/el2/design/ifu/el2_ifu_bp_ctl.sv:885:25: Bit extraction of var[9:2] requires 4 bit index, not 6 bits.
                                                                   : ... note: In instance 'tb_chip.dut.i_chip_core.u_soc.u_cpu.veer.ifu.bpred.bp'
  885 |        if (bht_rd_addr_f[pt.BHT_ADDR_HI:pt.BHT_ADDR_LO] == (pt.BHT_ADDR_HI-pt.BHT_ADDR_LO+1)'(j)) begin
      |                         ^
%Warning-WIDTHEXPAND: vendor/el2/design/ifu/el2_ifu_bp_ctl.sv:885:75: Operator SUB expects 32 or 8 bits on the RHS, but RHS's SEL generates 6 bits.
                                                                    : ... note: In instance 'tb_chip.dut.i_chip_core.u_soc.u_cpu.veer.ifu.bpred.bp'
  885 |        if (bht_rd_addr_f[pt.BHT_ADDR_HI:pt.BHT_ADDR_LO] == (pt.BHT_ADDR_HI-pt.BHT_ADDR_LO+1)'(j)) begin
      |                                                                           ^
%Warning-WIDTHTRUNC: vendor/el2/design/ifu/el2_ifu_bp_ctl.sv:889:28: Bit extraction of var[9:2] requires 4 bit index, not 6 bits.
                                                                   : ... note: In instance 'tb_chip.dut.i_chip_core.u_soc.u_cpu.veer.ifu.bpred.bp'
  889 |        if (bht_rd_addr_p1_f[pt.BHT_ADDR_HI:pt.BHT_ADDR_LO] == (pt.BHT_ADDR_HI-pt.BHT_ADDR_LO+1)'(j)) begin
      |                            ^
%Warning-WIDTHEXPAND: vendor/el2/design/ifu/el2_ifu_bp_ctl.sv:889:78: Operator SUB expects 32 or 8 bits on the RHS, but RHS's SEL generates 6 bits.
                                                                    : ... note: In instance 'tb_chip.dut.i_chip_core.u_soc.u_cpu.veer.ifu.bpred.bp'
  889 |        if (bht_rd_addr_p1_f[pt.BHT_ADDR_HI:pt.BHT_ADDR_LO] == (pt.BHT_ADDR_HI-pt.BHT_ADDR_LO+1)'(j)) begin
      |                                                                              ^
%Warning-WIDTHTRUNC: vendor/el2/design/ifu/el2_ifu_aln_ctl.sv:581:56: Bit extraction of var[31:1] requires 5 bit index, not 9 bits.
                                                                    : ... note: In instance 'tb_chip.dut.i_chip_core.u_soc.u_cpu.veer.ifu.aln'
  581 |    el2_btb_addr_hash #(.pt(pt)) firsthash (.pc(firstpc [pt.BTB_INDEX3_HI:pt.BTB_INDEX1_LO]),
      |                                                        ^
%Warning-WIDTHTRUNC: vendor/el2/design/ifu/el2_ifu_aln_ctl.sv:582:64: Bit extraction of var[9:2] requires 4 bit index, not 6 bits.
                                                                    : ... note: In instance 'tb_chip.dut.i_chip_core.u_soc.u_cpu.veer.ifu.aln'
  582 |                                             .hash(firstpc_hash [pt.BTB_ADDR_HI:pt.BTB_ADDR_LO]));
      |                                                                ^
%Warning-WIDTHTRUNC: vendor/el2/design/ifu/el2_ifu_aln_ctl.sv:583:56: Bit extraction of var[31:1] requires 5 bit index, not 9 bits.
                                                                    : ... note: In instance 'tb_chip.dut.i_chip_core.u_soc.u_cpu.veer.ifu.aln'
  583 |    el2_btb_addr_hash #(.pt(pt)) secondhash(.pc(secondpc[pt.BTB_INDEX3_HI:pt.BTB_INDEX1_LO]),
      |                                                        ^
%Warning-WIDTHTRUNC: vendor/el2/design/ifu/el2_ifu_aln_ctl.sv:584:64: Bit extraction of var[9:2] requires 4 bit index, not 6 bits.
                                                                    : ... note: In instance 'tb_chip.dut.i_chip_core.u_soc.u_cpu.veer.ifu.aln'
  584 |                                             .hash(secondpc_hash[pt.BTB_ADDR_HI:pt.BTB_ADDR_LO]));
      |                                                                ^
%Warning-WIDTHTRUNC: vendor/el2/design/ifu/el2_ifu_aln_ctl.sv:646:7: Logical operator IF expects 1 bit on the If, but If's SEL generates 5 bits.
                                                                   : ... note: In instance 'tb_chip.dut.i_chip_core.u_soc.u_cpu.veer.ifu.aln'
  646 |       if(pt.BTB_FULLYA)
      |       ^~
%Warning-WIDTHTRUNC: vendor/el2/design/ifu/el2_ifu_aln_ctl.sv:654:26: Bit extraction of var[9:2] requires 4 bit index, not 6 bits.
                                                                    : ... note: In instance 'tb_chip.dut.i_chip_core.u_soc.u_cpu.veer.ifu.aln'
  654 |    assign ifu_i0_bp_index[pt.BTB_ADDR_HI:pt.BTB_ADDR_LO] = (first2B | alignbrend[0])  ?  firstpc_hash[pt.BTB_ADDR_HI:pt.BTB_ADDR_LO]  :
      |                          ^
%Warning-WIDTHTRUNC: vendor/el2/design/ifu/el2_ifu_aln_ctl.sv:654:102: Bit extraction of var[9:2] requires 4 bit index, not 6 bits.
                                                                     : ... note: In instance 'tb_chip.dut.i_chip_core.u_soc.u_cpu.veer.ifu.aln'
  654 |    assign ifu_i0_bp_index[pt.BTB_ADDR_HI:pt.BTB_ADDR_LO] = (first2B | alignbrend[0])  ?  firstpc_hash[pt.BTB_ADDR_HI:pt.BTB_ADDR_LO]  :
      |                                                                                                      ^
%Warning-WIDTHTRUNC: vendor/el2/design/ifu/el2_ifu_aln_ctl.sv:655:103: Bit extraction of var[9:2] requires 4 bit index, not 6 bits.
                                                                     : ... note: In instance 'tb_chip.dut.i_chip_core.u_soc.u_cpu.veer.ifu.aln'
  655 |                                                                                          secondpc_hash[pt.BTB_ADDR_HI:pt.BTB_ADDR_LO];
      |                                                                                                       ^
%Warning-WIDTHTRUNC: vendor/el2/design/dbg/el2_dbg.sv:608:93: Bit extraction of var[38:0] requires 6 bit index, not 10 bits.
                                                            : ... note: In instance 'tb_chip.dut.i_chip_core.u_soc.u_cpu.veer.dbg'
  608 |                                                                      dccm_wr_rdbk_fault_data[pt.DCCM_FDATA_WIDTH-1:pt.DCCM_DATA_WIDTH]});
      |                                                                                             ^
%Warning-WIDTHEXPAND: vendor/el2/design/dbg/el2_dbg.sv:618:58: Operator EQ expects 8 bits on the LHS, but LHS's SEL generates 4 bits.
                                                             : ... note: In instance 'tb_chip.dut.i_chip_core.u_soc.u_cpu.veer.dbg'
  618 |    assign abmem_addr_in_dccm_region = (abmem_addr[31:28] == pt.DCCM_REGION) & pt.DCCM_ENABLE;
      |                                                          ^~
%Warning-WIDTHEXPAND: vendor/el2/design/dbg/el2_dbg.sv:618:77: Operator AND expects 5 bits on the LHS, but LHS's EQ generates 1 bits.
                                                             : ... note: In instance 'tb_chip.dut.i_chip_core.u_soc.u_cpu.veer.dbg'
  618 |    assign abmem_addr_in_dccm_region = (abmem_addr[31:28] == pt.DCCM_REGION) & pt.DCCM_ENABLE;
      |                                                                             ^
%Warning-WIDTHTRUNC: vendor/el2/design/dbg/el2_dbg.sv:618:37: Operator ASSIGNW expects 1 bits on the Assign RHS, but Assign RHS's AND generates 5 bits.
                                                            : ... note: In instance 'tb_chip.dut.i_chip_core.u_soc.u_cpu.veer.dbg'
  618 |    assign abmem_addr_in_dccm_region = (abmem_addr[31:28] == pt.DCCM_REGION) & pt.DCCM_ENABLE;
      |                                     ^
%Warning-WIDTHEXPAND: vendor/el2/design/dbg/el2_dbg.sv:619:58: Operator EQ expects 8 bits on the LHS, but LHS's SEL generates 4 bits.
                                                             : ... note: In instance 'tb_chip.dut.i_chip_core.u_soc.u_cpu.veer.dbg'
  619 |    assign abmem_addr_in_iccm_region = (abmem_addr[31:28] == pt.ICCM_REGION) & pt.ICCM_ENABLE;
      |                                                          ^~
%Warning-WIDTHEXPAND: vendor/el2/design/dbg/el2_dbg.sv:619:77: Operator AND expects 5 bits on the LHS, but LHS's EQ generates 1 bits.
                                                             : ... note: In instance 'tb_chip.dut.i_chip_core.u_soc.u_cpu.veer.dbg'
  619 |    assign abmem_addr_in_iccm_region = (abmem_addr[31:28] == pt.ICCM_REGION) & pt.ICCM_ENABLE;
      |                                                                             ^
%Warning-WIDTHTRUNC: vendor/el2/design/dbg/el2_dbg.sv:619:37: Operator ASSIGNW expects 1 bits on the Assign RHS, but Assign RHS's AND generates 5 bits.
                                                            : ... note: In instance 'tb_chip.dut.i_chip_core.u_soc.u_cpu.veer.dbg'
  619 |    assign abmem_addr_in_iccm_region = (abmem_addr[31:28] == pt.ICCM_REGION) & pt.ICCM_ENABLE;
      |                                     ^
%Warning-WIDTHEXPAND: vendor/el2/design/dbg/el2_dbg.sv:620:58: Operator EQ expects 8 bits on the LHS, but LHS's SEL generates 4 bits.
                                                             : ... note: In instance 'tb_chip.dut.i_chip_core.u_soc.u_cpu.veer.dbg'
  620 |    assign abmem_addr_in_pic_region  = (abmem_addr[31:28] == pt.PIC_REGION);
      |                                                          ^~
%Warning-WIDTHTRUNC: vendor/el2/design/exu/el2_exu.sv:318:29: Bit extraction of var[9:2] requires 4 bit index, not 6 bits.
                                                            : ... note: In instance 'tb_chip.dut.i_chip_core.u_soc.u_cpu.veer.exu'
  318 |            exu_i0_br_index_r[pt.BTB_ADDR_HI:pt.BTB_ADDR_LO]}=  predpipe_r[PREDPIPESIZE-1:pt.BTB_BTAG_SIZE];
      |                             ^
%Warning-WIDTHTRUNC: vendor/el2/design/exu/el2_exu.sv:318:74: Bit extraction of var[20:0] requires 5 bit index, not 9 bits.
                                                            : ... note: In instance 'tb_chip.dut.i_chip_core.u_soc.u_cpu.veer.exu'
  318 |            exu_i0_br_index_r[pt.BTB_ADDR_HI:pt.BTB_ADDR_LO]}=  predpipe_r[PREDPIPESIZE-1:pt.BTB_BTAG_SIZE];
      |                                                                          ^
%Warning-WIDTHTRUNC: vendor/el2/design/exu/el2_exu.sv:344:24: Bit extraction of var[9:2] requires 4 bit index, not 6 bits.
                                                            : ... note: In instance 'tb_chip.dut.i_chip_core.u_soc.u_cpu.veer.exu'
  344 |    assign {exu_mp_index[pt.BTB_ADDR_HI:pt.BTB_ADDR_LO],
      |                        ^
%Warning-WIDTHEXPAND: vendor/el2/design/exu/el2_exu.sv:347:111: Operator SUB expects 32 or 9 bits on the RHS, but RHS's SEL generates 6 bits.
                                                              : ... note: In instance 'tb_chip.dut.i_chip_core.u_soc.u_cpu.veer.exu'
  347 |    assign exu_mp_eghr[pt.BHT_GHR_SIZE-1:0]                  =  final_predpipe_mp[PREDPIPESIZE-1:pt.BTB_ADDR_HI-pt.BTB_ADDR_LO+pt.BTB_BTAG_SIZE+1];  
      |                                                                                                               ^
%Warning-WIDTHEXPAND: vendor/el2/design/el2_dma_ctrl.sv:286:59: Operator EQ expects 32 or 7 bits on the LHS, but LHS's SEL generates 3 bits.
                                                              : ... note: In instance 'tb_chip.dut.i_chip_core.u_soc.u_cpu.veer.dma_ctrl'
  286 |    assign NxtWrPtr[DEPTH_PTR-1:0] = (WrPtr[DEPTH_PTR-1:0] == (DEPTH-1)) ? '0 : WrPtr[DEPTH_PTR-1:0] + 1'b1;
      |                                                           ^~
%Warning-WIDTHEXPAND: vendor/el2/design/el2_dma_ctrl.sv:287:59: Operator EQ expects 32 or 7 bits on the LHS, but LHS's SEL generates 3 bits.
                                                              : ... note: In instance 'tb_chip.dut.i_chip_core.u_soc.u_cpu.veer.dma_ctrl'
  287 |    assign NxtRdPtr[DEPTH_PTR-1:0] = (RdPtr[DEPTH_PTR-1:0] == (DEPTH-1)) ? '0 : RdPtr[DEPTH_PTR-1:0] + 1'b1;
      |                                                           ^~
%Warning-WIDTHEXPAND: vendor/el2/design/el2_dma_ctrl.sv:288:61: Operator EQ expects 32 or 7 bits on the LHS, but LHS's SEL generates 3 bits.
                                                              : ... note: In instance 'tb_chip.dut.i_chip_core.u_soc.u_cpu.veer.dma_ctrl'
  288 |    assign NxtRspPtr[DEPTH_PTR-1:0] = (RspPtr[DEPTH_PTR-1:0] == (DEPTH-1)) ? '0 : RspPtr[DEPTH_PTR-1:0] + 1'b1;
      |                                                             ^~
%Warning-WIDTHEXPAND: vendor/el2/design/el2_dma_ctrl.sv:307:56: Operator GTE expects 7 bits on the LHS, but LHS's SEL generates 4 bits.
                                                              : ... note: In instance 'tb_chip.dut.i_chip_core.u_soc.u_cpu.veer.dma_ctrl'
  307 |    assign fifo_full_spec          = (num_fifo_vld[3:0] >= DEPTH);
      |                                                        ^~
%Warning-WIDTHTRUNC: vendor/el2/design/el2_veer.sv:1397:67: Logical operator COND expects 1 bit on the Conditional Test, but Conditional Test's SEL generates 5 bits.
                                                          : ... note: In instance 'tb_chip.dut.i_chip_core.u_soc.u_cpu.veer'
 1397 |    assign lsu_axi_awready_int                 = pt.BUILD_AHB_LITE ? lsu_axi_awready_ahb : lsu_axi_awready;
      |                                                                   ^
%Warning-WIDTHTRUNC: vendor/el2/design/el2_veer.sv:1398:67: Logical operator COND expects 1 bit on the Conditional Test, but Conditional Test's SEL generates 5 bits.
                                                          : ... note: In instance 'tb_chip.dut.i_chip_core.u_soc.u_cpu.veer'
 1398 |    assign lsu_axi_wready_int                  = pt.BUILD_AHB_LITE ? lsu_axi_wready_ahb : lsu_axi_wready;
      |                                                                   ^
%Warning-WIDTHTRUNC: vendor/el2/design/el2_veer.sv:1399:67: Logical operator COND expects 1 bit on the Conditional Test, but Conditional Test's SEL generates 5 bits.
                                                          : ... note: In instance 'tb_chip.dut.i_chip_core.u_soc.u_cpu.veer'
 1399 |    assign lsu_axi_bvalid_int                  = pt.BUILD_AHB_LITE ? lsu_axi_bvalid_ahb : lsu_axi_bvalid;
      |                                                                   ^
%Warning-WIDTHTRUNC: vendor/el2/design/el2_veer.sv:1400:67: Logical operator COND expects 1 bit on the Conditional Test, but Conditional Test's SEL generates 5 bits.
                                                          : ... note: In instance 'tb_chip.dut.i_chip_core.u_soc.u_cpu.veer'
 1400 |    assign lsu_axi_bresp_int[1:0]              = pt.BUILD_AHB_LITE ? lsu_axi_bresp_ahb[1:0] : lsu_axi_bresp[1:0];
      |                                                                   ^
%Warning-WIDTHTRUNC: vendor/el2/design/el2_veer.sv:1401:67: Logical operator COND expects 1 bit on the Conditional Test, but Conditional Test's SEL generates 5 bits.
                                                          : ... note: In instance 'tb_chip.dut.i_chip_core.u_soc.u_cpu.veer'
 1401 |    assign lsu_axi_bid_int[pt.LSU_BUS_TAG-1:0] = pt.BUILD_AHB_LITE ? lsu_axi_bid_ahb[pt.LSU_BUS_TAG-1:0] : lsu_axi_bid[pt.LSU_BUS_TAG-1:0];
      |                                                                   ^
%Warning-WIDTHTRUNC: vendor/el2/design/el2_veer.sv:1402:67: Logical operator COND expects 1 bit on the Conditional Test, but Conditional Test's SEL generates 5 bits.
                                                          : ... note: In instance 'tb_chip.dut.i_chip_core.u_soc.u_cpu.veer'
 1402 |    assign lsu_axi_arready_int                 = pt.BUILD_AHB_LITE ? lsu_axi_arready_ahb : lsu_axi_arready;
      |                                                                   ^
%Warning-WIDTHTRUNC: vendor/el2/design/el2_veer.sv:1403:67: Logical operator COND expects 1 bit on the Conditional Test, but Conditional Test's SEL generates 5 bits.
                                                          : ... note: In instance 'tb_chip.dut.i_chip_core.u_soc.u_cpu.veer'
 1403 |    assign lsu_axi_rvalid_int                  = pt.BUILD_AHB_LITE ? lsu_axi_rvalid_ahb : lsu_axi_rvalid;
      |                                                                   ^
%Warning-WIDTHTRUNC: vendor/el2/design/el2_veer.sv:1404:67: Logical operator COND expects 1 bit on the Conditional Test, but Conditional Test's SEL generates 5 bits.
                                                          : ... note: In instance 'tb_chip.dut.i_chip_core.u_soc.u_cpu.veer'
 1404 |    assign lsu_axi_rid_int[pt.LSU_BUS_TAG-1:0] = pt.BUILD_AHB_LITE ? lsu_axi_rid_ahb[pt.LSU_BUS_TAG-1:0] : lsu_axi_rid[pt.LSU_BUS_TAG-1:0];
      |                                                                   ^
%Warning-WIDTHTRUNC: vendor/el2/design/el2_veer.sv:1405:67: Logical operator COND expects 1 bit on the Conditional Test, but Conditional Test's SEL generates 5 bits.
                                                          : ... note: In instance 'tb_chip.dut.i_chip_core.u_soc.u_cpu.veer'
 1405 |    assign lsu_axi_rdata_int[63:0]             = pt.BUILD_AHB_LITE ? lsu_axi_rdata_ahb[63:0] : lsu_axi_rdata[63:0];
      |                                                                   ^
%Warning-WIDTHTRUNC: vendor/el2/design/el2_veer.sv:1406:67: Logical operator COND expects 1 bit on the Conditional Test, but Conditional Test's SEL generates 5 bits.
                                                          : ... note: In instance 'tb_chip.dut.i_chip_core.u_soc.u_cpu.veer'
 1406 |    assign lsu_axi_rresp_int[1:0]              = pt.BUILD_AHB_LITE ? lsu_axi_rresp_ahb[1:0] : lsu_axi_rresp[1:0];
      |                                                                   ^
%Warning-WIDTHTRUNC: vendor/el2/design/el2_veer.sv:1407:67: Logical operator COND expects 1 bit on the Conditional Test, but Conditional Test's SEL generates 5 bits.
                                                          : ... note: In instance 'tb_chip.dut.i_chip_core.u_soc.u_cpu.veer'
 1407 |    assign lsu_axi_rlast_int                   = pt.BUILD_AHB_LITE ? lsu_axi_rlast_ahb : lsu_axi_rlast;
      |                                                                   ^
%Warning-WIDTHTRUNC: vendor/el2/design/el2_veer.sv:1409:67: Logical operator COND expects 1 bit on the Conditional Test, but Conditional Test's SEL generates 5 bits.
                                                          : ... note: In instance 'tb_chip.dut.i_chip_core.u_soc.u_cpu.veer'
 1409 |    assign ifu_axi_awready_int                 = pt.BUILD_AHB_LITE ? ifu_axi_awready_ahb : ifu_axi_awready;
      |                                                                   ^
%Warning-WIDTHTRUNC: vendor/el2/design/el2_veer.sv:1410:67: Logical operator COND expects 1 bit on the Conditional Test, but Conditional Test's SEL generates 5 bits.
                                                          : ... note: In instance 'tb_chip.dut.i_chip_core.u_soc.u_cpu.veer'
 1410 |    assign ifu_axi_wready_int                  = pt.BUILD_AHB_LITE ? ifu_axi_wready_ahb : ifu_axi_wready;
      |                                                                   ^
%Warning-WIDTHTRUNC: vendor/el2/design/el2_veer.sv:1411:67: Logical operator COND expects 1 bit on the Conditional Test, but Conditional Test's SEL generates 5 bits.
                                                          : ... note: In instance 'tb_chip.dut.i_chip_core.u_soc.u_cpu.veer'
 1411 |    assign ifu_axi_bvalid_int                  = pt.BUILD_AHB_LITE ? ifu_axi_bvalid_ahb : ifu_axi_bvalid;
      |                                                                   ^
%Warning-WIDTHTRUNC: vendor/el2/design/el2_veer.sv:1412:67: Logical operator COND expects 1 bit on the Conditional Test, but Conditional Test's SEL generates 5 bits.
                                                          : ... note: In instance 'tb_chip.dut.i_chip_core.u_soc.u_cpu.veer'
 1412 |    assign ifu_axi_bresp_int[1:0]              = pt.BUILD_AHB_LITE ? ifu_axi_bresp_ahb[1:0] : ifu_axi_bresp[1:0];
      |                                                                   ^
%Warning-WIDTHTRUNC: vendor/el2/design/el2_veer.sv:1413:67: Logical operator COND expects 1 bit on the Conditional Test, but Conditional Test's SEL generates 5 bits.
                                                          : ... note: In instance 'tb_chip.dut.i_chip_core.u_soc.u_cpu.veer'
 1413 |    assign ifu_axi_bid_int[pt.IFU_BUS_TAG-1:0] = pt.BUILD_AHB_LITE ? ifu_axi_bid_ahb[pt.IFU_BUS_TAG-1:0] : ifu_axi_bid[pt.IFU_BUS_TAG-1:0];
      |                                                                   ^
%Warning-WIDTHTRUNC: vendor/el2/design/el2_veer.sv:1414:67: Logical operator COND expects 1 bit on the Conditional Test, but Conditional Test's SEL generates 5 bits.
                                                          : ... note: In instance 'tb_chip.dut.i_chip_core.u_soc.u_cpu.veer'
 1414 |    assign ifu_axi_arready_int                 = pt.BUILD_AHB_LITE ? ifu_axi_arready_ahb : ifu_axi_arready;
      |                                                                   ^
%Warning-WIDTHTRUNC: vendor/el2/design/el2_veer.sv:1415:67: Logical operator COND expects 1 bit on the Conditional Test, but Conditional Test's SEL generates 5 bits.
                                                          : ... note: In instance 'tb_chip.dut.i_chip_core.u_soc.u_cpu.veer'
 1415 |    assign ifu_axi_rvalid_int                  = pt.BUILD_AHB_LITE ? ifu_axi_rvalid_ahb : ifu_axi_rvalid;
      |                                                                   ^
%Warning-WIDTHTRUNC: vendor/el2/design/el2_veer.sv:1416:67: Logical operator COND expects 1 bit on the Conditional Test, but Conditional Test's SEL generates 5 bits.
                                                          : ... note: In instance 'tb_chip.dut.i_chip_core.u_soc.u_cpu.veer'
 1416 |    assign ifu_axi_rid_int[pt.IFU_BUS_TAG-1:0] = pt.BUILD_AHB_LITE ? ifu_axi_rid_ahb[pt.IFU_BUS_TAG-1:0] : ifu_axi_rid[pt.IFU_BUS_TAG-1:0];
      |                                                                   ^
%Warning-WIDTHTRUNC: vendor/el2/design/el2_veer.sv:1417:67: Logical operator COND expects 1 bit on the Conditional Test, but Conditional Test's SEL generates 5 bits.
                                                          : ... note: In instance 'tb_chip.dut.i_chip_core.u_soc.u_cpu.veer'
 1417 |    assign ifu_axi_rdata_int[63:0]             = pt.BUILD_AHB_LITE ? ifu_axi_rdata_ahb[63:0] : ifu_axi_rdata[63:0];
      |                                                                   ^
%Warning-WIDTHTRUNC: vendor/el2/design/el2_veer.sv:1418:67: Logical operator COND expects 1 bit on the Conditional Test, but Conditional Test's SEL generates 5 bits.
                                                          : ... note: In instance 'tb_chip.dut.i_chip_core.u_soc.u_cpu.veer'
 1418 |    assign ifu_axi_rresp_int[1:0]              = pt.BUILD_AHB_LITE ? ifu_axi_rresp_ahb[1:0] : ifu_axi_rresp[1:0];
      |                                                                   ^
%Warning-WIDTHTRUNC: vendor/el2/design/el2_veer.sv:1419:67: Logical operator COND expects 1 bit on the Conditional Test, but Conditional Test's SEL generates 5 bits.
                                                          : ... note: In instance 'tb_chip.dut.i_chip_core.u_soc.u_cpu.veer'
 1419 |    assign ifu_axi_rlast_int                   = pt.BUILD_AHB_LITE ? ifu_axi_rlast_ahb : ifu_axi_rlast;
      |                                                                   ^
%Warning-WIDTHTRUNC: vendor/el2/design/el2_veer.sv:1421:67: Logical operator COND expects 1 bit on the Conditional Test, but Conditional Test's SEL generates 5 bits.
                                                          : ... note: In instance 'tb_chip.dut.i_chip_core.u_soc.u_cpu.veer'
 1421 |    assign sb_axi_awready_int                  = pt.BUILD_AHB_LITE ? sb_axi_awready_ahb : sb_axi_awready;
      |                                                                   ^
%Warning-WIDTHTRUNC: vendor/el2/design/el2_veer.sv:1422:67: Logical operator COND expects 1 bit on the Conditional Test, but Conditional Test's SEL generates 5 bits.
                                                          : ... note: In instance 'tb_chip.dut.i_chip_core.u_soc.u_cpu.veer'
 1422 |    assign sb_axi_wready_int                   = pt.BUILD_AHB_LITE ? sb_axi_wready_ahb : sb_axi_wready;
      |                                                                   ^
%Warning-WIDTHTRUNC: vendor/el2/design/el2_veer.sv:1423:67: Logical operator COND expects 1 bit on the Conditional Test, but Conditional Test's SEL generates 5 bits.
                                                          : ... note: In instance 'tb_chip.dut.i_chip_core.u_soc.u_cpu.veer'
 1423 |    assign sb_axi_bvalid_int                   = pt.BUILD_AHB_LITE ? sb_axi_bvalid_ahb : sb_axi_bvalid;
      |                                                                   ^
%Warning-WIDTHTRUNC: vendor/el2/design/el2_veer.sv:1424:67: Logical operator COND expects 1 bit on the Conditional Test, but Conditional Test's SEL generates 5 bits.
                                                          : ... note: In instance 'tb_chip.dut.i_chip_core.u_soc.u_cpu.veer'
 1424 |    assign sb_axi_bresp_int[1:0]               = pt.BUILD_AHB_LITE ? sb_axi_bresp_ahb[1:0] : sb_axi_bresp[1:0];
      |                                                                   ^
%Warning-WIDTHTRUNC: vendor/el2/design/el2_veer.sv:1425:67: Logical operator COND expects 1 bit on the Conditional Test, but Conditional Test's SEL generates 5 bits.
                                                          : ... note: In instance 'tb_chip.dut.i_chip_core.u_soc.u_cpu.veer'
 1425 |    assign sb_axi_bid_int[pt.SB_BUS_TAG-1:0]   = pt.BUILD_AHB_LITE ? sb_axi_bid_ahb[pt.SB_BUS_TAG-1:0] : sb_axi_bid[pt.SB_BUS_TAG-1:0];
      |                                                                   ^
%Warning-WIDTHTRUNC: vendor/el2/design/el2_veer.sv:1426:67: Logical operator COND expects 1 bit on the Conditional Test, but Conditional Test's SEL generates 5 bits.
                                                          : ... note: In instance 'tb_chip.dut.i_chip_core.u_soc.u_cpu.veer'
 1426 |    assign sb_axi_arready_int                  = pt.BUILD_AHB_LITE ? sb_axi_arready_ahb : sb_axi_arready;
      |                                                                   ^
%Warning-WIDTHTRUNC: vendor/el2/design/el2_veer.sv:1427:67: Logical operator COND expects 1 bit on the Conditional Test, but Conditional Test's SEL generates 5 bits.
                                                          : ... note: In instance 'tb_chip.dut.i_chip_core.u_soc.u_cpu.veer'
 1427 |    assign sb_axi_rvalid_int                   = pt.BUILD_AHB_LITE ? sb_axi_rvalid_ahb : sb_axi_rvalid;
      |                                                                   ^
%Warning-WIDTHTRUNC: vendor/el2/design/el2_veer.sv:1428:67: Logical operator COND expects 1 bit on the Conditional Test, but Conditional Test's SEL generates 5 bits.
                                                          : ... note: In instance 'tb_chip.dut.i_chip_core.u_soc.u_cpu.veer'
 1428 |    assign sb_axi_rid_int[pt.SB_BUS_TAG-1:0]   = pt.BUILD_AHB_LITE ? sb_axi_rid_ahb[pt.SB_BUS_TAG-1:0] : sb_axi_rid[pt.SB_BUS_TAG-1:0];
      |                                                                   ^
%Warning-WIDTHTRUNC: vendor/el2/design/el2_veer.sv:1429:67: Logical operator COND expects 1 bit on the Conditional Test, but Conditional Test's SEL generates 5 bits.
                                                          : ... note: In instance 'tb_chip.dut.i_chip_core.u_soc.u_cpu.veer'
 1429 |    assign sb_axi_rdata_int[63:0]              = pt.BUILD_AHB_LITE ? sb_axi_rdata_ahb[63:0] : sb_axi_rdata[63:0];
      |                                                                   ^
%Warning-WIDTHTRUNC: vendor/el2/design/el2_veer.sv:1430:67: Logical operator COND expects 1 bit on the Conditional Test, but Conditional Test's SEL generates 5 bits.
                                                          : ... note: In instance 'tb_chip.dut.i_chip_core.u_soc.u_cpu.veer'
 1430 |    assign sb_axi_rresp_int[1:0]               = pt.BUILD_AHB_LITE ? sb_axi_rresp_ahb[1:0] : sb_axi_rresp[1:0];
      |                                                                   ^
%Warning-WIDTHTRUNC: vendor/el2/design/el2_veer.sv:1431:67: Logical operator COND expects 1 bit on the Conditional Test, but Conditional Test's SEL generates 5 bits.
                                                          : ... note: In instance 'tb_chip.dut.i_chip_core.u_soc.u_cpu.veer'
 1431 |    assign sb_axi_rlast_int                    = pt.BUILD_AHB_LITE ? sb_axi_rlast_ahb : sb_axi_rlast;
      |                                                                   ^
%Warning-WIDTHTRUNC: vendor/el2/design/el2_veer.sv:1433:68: Logical operator COND expects 1 bit on the Conditional Test, but Conditional Test's SEL generates 5 bits.
                                                          : ... note: In instance 'tb_chip.dut.i_chip_core.u_soc.u_cpu.veer'
 1433 |    assign dma_axi_awvalid_int                  = pt.BUILD_AHB_LITE ? dma_axi_awvalid_ahb : dma_axi_awvalid;
      |                                                                    ^
%Warning-WIDTHTRUNC: vendor/el2/design/el2_veer.sv:1434:68: Logical operator COND expects 1 bit on the Conditional Test, but Conditional Test's SEL generates 5 bits.
                                                          : ... note: In instance 'tb_chip.dut.i_chip_core.u_soc.u_cpu.veer'
 1434 |    assign dma_axi_awid_int[pt.DMA_BUS_TAG-1:0] = pt.BUILD_AHB_LITE ? dma_axi_awid_ahb[pt.DMA_BUS_TAG-1:0] : dma_axi_awid[pt.DMA_BUS_TAG-1:0];
      |                                                                    ^
%Warning-WIDTHTRUNC: vendor/el2/design/el2_veer.sv:1435:68: Logical operator COND expects 1 bit on the Conditional Test, but Conditional Test's SEL generates 5 bits.
                                                          : ... note: In instance 'tb_chip.dut.i_chip_core.u_soc.u_cpu.veer'
 1435 |    assign dma_axi_awaddr_int[31:0]             = pt.BUILD_AHB_LITE ? dma_axi_awaddr_ahb[31:0] : dma_axi_awaddr[31:0];
      |                                                                    ^
%Warning-WIDTHTRUNC: vendor/el2/design/el2_veer.sv:1436:68: Logical operator COND expects 1 bit on the Conditional Test, but Conditional Test's SEL generates 5 bits.
                                                          : ... note: In instance 'tb_chip.dut.i_chip_core.u_soc.u_cpu.veer'
 1436 |    assign dma_axi_awsize_int[2:0]              = pt.BUILD_AHB_LITE ? dma_axi_awsize_ahb[2:0] : dma_axi_awsize[2:0];
      |                                                                    ^
%Warning-WIDTHTRUNC: vendor/el2/design/el2_veer.sv:1437:68: Logical operator COND expects 1 bit on the Conditional Test, but Conditional Test's SEL generates 5 bits.
                                                          : ... note: In instance 'tb_chip.dut.i_chip_core.u_soc.u_cpu.veer'
 1437 |    assign dma_axi_awprot_int[2:0]              = pt.BUILD_AHB_LITE ? dma_axi_awprot_ahb[2:0] : dma_axi_awprot[2:0];
      |                                                                    ^
%Warning-WIDTHTRUNC: vendor/el2/design/el2_veer.sv:1438:68: Logical operator COND expects 1 bit on the Conditional Test, but Conditional Test's SEL generates 5 bits.
                                                          : ... note: In instance 'tb_chip.dut.i_chip_core.u_soc.u_cpu.veer'
 1438 |    assign dma_axi_awlen_int[7:0]               = pt.BUILD_AHB_LITE ? dma_axi_awlen_ahb[7:0] : dma_axi_awlen[7:0];
      |                                                                    ^
%Warning-WIDTHTRUNC: vendor/el2/design/el2_veer.sv:1439:68: Logical operator COND expects 1 bit on the Conditional Test, but Conditional Test's SEL generates 5 bits.
                                                          : ... note: In instance 'tb_chip.dut.i_chip_core.u_soc.u_cpu.veer'
 1439 |    assign dma_axi_awburst_int[1:0]             = pt.BUILD_AHB_LITE ? dma_axi_awburst_ahb[1:0] : dma_axi_awburst[1:0];
      |                                                                    ^
%Warning-WIDTHTRUNC: vendor/el2/design/el2_veer.sv:1440:68: Logical operator COND expects 1 bit on the Conditional Test, but Conditional Test's SEL generates 5 bits.
                                                          : ... note: In instance 'tb_chip.dut.i_chip_core.u_soc.u_cpu.veer'
 1440 |    assign dma_axi_wvalid_int                   = pt.BUILD_AHB_LITE ? dma_axi_wvalid_ahb : dma_axi_wvalid;
      |                                                                    ^
%Warning-WIDTHTRUNC: vendor/el2/design/el2_veer.sv:1441:68: Logical operator COND expects 1 bit on the Conditional Test, but Conditional Test's SEL generates 5 bits.
                                                          : ... note: In instance 'tb_chip.dut.i_chip_core.u_soc.u_cpu.veer'
 1441 |    assign dma_axi_wdata_int[63:0]              = pt.BUILD_AHB_LITE ? dma_axi_wdata_ahb[63:0] : dma_axi_wdata;
      |                                                                    ^
%Warning-WIDTHTRUNC: vendor/el2/design/el2_veer.sv:1442:68: Logical operator COND expects 1 bit on the Conditional Test, but Conditional Test's SEL generates 5 bits.
                                                          : ... note: In instance 'tb_chip.dut.i_chip_core.u_soc.u_cpu.veer'
 1442 |    assign dma_axi_wstrb_int[7:0]               = pt.BUILD_AHB_LITE ? dma_axi_wstrb_ahb[7:0] : dma_axi_wstrb[7:0];
      |                                                                    ^
%Warning-WIDTHTRUNC: vendor/el2/design/el2_veer.sv:1443:68: Logical operator COND expects 1 bit on the Conditional Test, but Conditional Test's SEL generates 5 bits.
                                                          : ... note: In instance 'tb_chip.dut.i_chip_core.u_soc.u_cpu.veer'
 1443 |    assign dma_axi_wlast_int                    = pt.BUILD_AHB_LITE ? dma_axi_wlast_ahb : dma_axi_wlast;
      |                                                                    ^
%Warning-WIDTHTRUNC: vendor/el2/design/el2_veer.sv:1444:68: Logical operator COND expects 1 bit on the Conditional Test, but Conditional Test's SEL generates 5 bits.
                                                          : ... note: In instance 'tb_chip.dut.i_chip_core.u_soc.u_cpu.veer'
 1444 |    assign dma_axi_bready_int                   = pt.BUILD_AHB_LITE ? dma_axi_bready_ahb : dma_axi_bready;
      |                                                                    ^
%Warning-WIDTHTRUNC: vendor/el2/design/el2_veer.sv:1445:68: Logical operator COND expects 1 bit on the Conditional Test, but Conditional Test's SEL generates 5 bits.
                                                          : ... note: In instance 'tb_chip.dut.i_chip_core.u_soc.u_cpu.veer'
 1445 |    assign dma_axi_arvalid_int                  = pt.BUILD_AHB_LITE ? dma_axi_arvalid_ahb : dma_axi_arvalid;
      |                                                                    ^
%Warning-WIDTHTRUNC: vendor/el2/design/el2_veer.sv:1446:68: Logical operator COND expects 1 bit on the Conditional Test, but Conditional Test's SEL generates 5 bits.
                                                          : ... note: In instance 'tb_chip.dut.i_chip_core.u_soc.u_cpu.veer'
 1446 |    assign dma_axi_arid_int[pt.DMA_BUS_TAG-1:0] = pt.BUILD_AHB_LITE ? dma_axi_arid_ahb[pt.DMA_BUS_TAG-1:0] : dma_axi_arid[pt.DMA_BUS_TAG-1:0];
      |                                                                    ^
%Warning-WIDTHTRUNC: vendor/el2/design/el2_veer.sv:1447:68: Logical operator COND expects 1 bit on the Conditional Test, but Conditional Test's SEL generates 5 bits.
                                                          : ... note: In instance 'tb_chip.dut.i_chip_core.u_soc.u_cpu.veer'
 1447 |    assign dma_axi_araddr_int[31:0]             = pt.BUILD_AHB_LITE ? dma_axi_araddr_ahb[31:0] : dma_axi_araddr[31:0];
      |                                                                    ^
%Warning-WIDTHTRUNC: vendor/el2/design/el2_veer.sv:1448:68: Logical operator COND expects 1 bit on the Conditional Test, but Conditional Test's SEL generates 5 bits.
                                                          : ... note: In instance 'tb_chip.dut.i_chip_core.u_soc.u_cpu.veer'
 1448 |    assign dma_axi_arsize_int[2:0]              = pt.BUILD_AHB_LITE ? dma_axi_arsize_ahb[2:0] : dma_axi_arsize[2:0];
      |                                                                    ^
%Warning-WIDTHTRUNC: vendor/el2/design/el2_veer.sv:1449:68: Logical operator COND expects 1 bit on the Conditional Test, but Conditional Test's SEL generates 5 bits.
                                                          : ... note: In instance 'tb_chip.dut.i_chip_core.u_soc.u_cpu.veer'
 1449 |    assign dma_axi_arprot_int[2:0]              = pt.BUILD_AHB_LITE ? dma_axi_arprot_ahb[2:0] : dma_axi_arprot[2:0];
      |                                                                    ^
%Warning-WIDTHTRUNC: vendor/el2/design/el2_veer.sv:1450:68: Logical operator COND expects 1 bit on the Conditional Test, but Conditional Test's SEL generates 5 bits.
                                                          : ... note: In instance 'tb_chip.dut.i_chip_core.u_soc.u_cpu.veer'
 1450 |    assign dma_axi_arlen_int[7:0]               = pt.BUILD_AHB_LITE ? dma_axi_arlen_ahb[7:0] : dma_axi_arlen[7:0];
      |                                                                    ^
%Warning-WIDTHTRUNC: vendor/el2/design/el2_veer.sv:1451:68: Logical operator COND expects 1 bit on the Conditional Test, but Conditional Test's SEL generates 5 bits.
                                                          : ... note: In instance 'tb_chip.dut.i_chip_core.u_soc.u_cpu.veer'
 1451 |    assign dma_axi_arburst_int[1:0]             = pt.BUILD_AHB_LITE ? dma_axi_arburst_ahb[1:0] : dma_axi_arburst[1:0];
      |                                                                    ^
%Warning-WIDTHTRUNC: vendor/el2/design/el2_veer.sv:1452:68: Logical operator COND expects 1 bit on the Conditional Test, but Conditional Test's SEL generates 5 bits.
                                                          : ... note: In instance 'tb_chip.dut.i_chip_core.u_soc.u_cpu.veer'
 1452 |    assign dma_axi_rready_int                   = pt.BUILD_AHB_LITE ? dma_axi_rready_ahb : dma_axi_rready;
      |                                                                    ^
make: Entering directory '/workspace/scratch/1aa11c9270f0/veer-el2-ihp-fullchip/build/chip'
c++ -Os --std=c++20 -DVL_TIME_CONTEXT -I.  -MMD -I/root/.local/lib/python3.12/site-packages/verilator/include -I/root/.local/lib/python3.12/site-packages/verilator/include/vltstd -DVERILATOR=1 -DVM_COVERAGE=0 -DVM_SC=0 -DVM_TIMING=1 -DVM_TRACE=0 -DVM_TRACE_FST=0 -DVM_TRACE_VCD=0 -DVM_TRACE_SAIF=0     -DVL_TIME_CONTEXT    -c -o verilated.o /root/.local/lib/python3.12/site-packages/verilator/include/verilated.cpp
c++ -Os --std=c++20 -DVL_TIME_CONTEXT -I.  -MMD -I/root/.local/lib/python3.12/site-packages/verilator/include -I/root/.local/lib/python3.12/site-packages/verilator/include/vltstd -DVERILATOR=1 -DVM_COVERAGE=0 -DVM_SC=0 -DVM_TIMING=1 -DVM_TRACE=0 -DVM_TRACE_FST=0 -DVM_TRACE_VCD=0 -DVM_TRACE_SAIF=0     -DVL_TIME_CONTEXT    -c -o verilated_timing.o /root/.local/lib/python3.12/site-packages/verilator/include/verilated_timing.cpp
c++ -Os --std=c++20 -DVL_TIME_CONTEXT -I.  -MMD -I/root/.local/lib/python3.12/site-packages/verilator/include -I/root/.local/lib/python3.12/site-packages/verilator/include/vltstd -DVERILATOR=1 -DVM_COVERAGE=0 -DVM_SC=0 -DVM_TIMING=1 -DVM_TRACE=0 -DVM_TRACE_FST=0 -DVM_TRACE_VCD=0 -DVM_TRACE_SAIF=0     -DVL_TIME_CONTEXT    -c -o verilated_threads.o /root/.local/lib/python3.12/site-packages/verilator/include/verilated_threads.cpp
c++ -Os --std=c++20 -DVL_TIME_CONTEXT -I.  -MMD -I/root/.local/lib/python3.12/site-packages/verilator/include -I/root/.local/lib/python3.12/site-packages/verilator/include/vltstd -DVERILATOR=1 -DVM_COVERAGE=0 -DVM_SC=0 -DVM_TIMING=1 -DVM_TRACE=0 -DVM_TRACE_FST=0 -DVM_TRACE_VCD=0 -DVM_TRACE_SAIF=0     -DVL_TIME_CONTEXT    -x c++-header Vtb_chip__pch.h -o Vtb_chip__pch.h.fast.gch
c++  --std=c++20 -DVL_TIME_CONTEXT -I.  -MMD -I/root/.local/lib/python3.12/site-packages/verilator/include -I/root/.local/lib/python3.12/site-packages/verilator/include/vltstd -DVERILATOR=1 -DVM_COVERAGE=0 -DVM_SC=0 -DVM_TIMING=1 -DVM_TRACE=0 -DVM_TRACE_FST=0 -DVM_TRACE_VCD=0 -DVM_TRACE_SAIF=0     -DVL_TIME_CONTEXT    -x c++-header Vtb_chip__pch.h -o Vtb_chip__pch.h.slow.gch
c++ -Os --std=c++20 -DVL_TIME_CONTEXT -I.  -MMD -I/root/.local/lib/python3.12/site-packages/verilator/include -I/root/.local/lib/python3.12/site-packages/verilator/include/vltstd -DVERILATOR=1 -DVM_COVERAGE=0 -DVM_SC=0 -DVM_TIMING=1 -DVM_TRACE=0 -DVM_TRACE_FST=0 -DVM_TRACE_VCD=0 -DVM_TRACE_SAIF=0     -DVL_TIME_CONTEXT    -include Vtb_chip__pch.h.fast -c Vtb_chip_vm_classes_0.cpp
c++ -Os --std=c++20 -DVL_TIME_CONTEXT -I.  -MMD -I/root/.local/lib/python3.12/site-packages/verilator/include -I/root/.local/lib/python3.12/site-packages/verilator/include/vltstd -DVERILATOR=1 -DVM_COVERAGE=0 -DVM_SC=0 -DVM_TIMING=1 -DVM_TRACE=0 -DVM_TRACE_FST=0 -DVM_TRACE_VCD=0 -DVM_TRACE_SAIF=0     -DVL_TIME_CONTEXT    -include Vtb_chip__pch.h.fast -c Vtb_chip___024root__3.cpp
c++ -Os --std=c++20 -DVL_TIME_CONTEXT -I.  -MMD -I/root/.local/lib/python3.12/site-packages/verilator/include -I/root/.local/lib/python3.12/site-packages/verilator/include/vltstd -DVERILATOR=1 -DVM_COVERAGE=0 -DVM_SC=0 -DVM_TIMING=1 -DVM_TRACE=0 -DVM_TRACE_FST=0 -DVM_TRACE_VCD=0 -DVM_TRACE_SAIF=0     -DVL_TIME_CONTEXT    -include Vtb_chip__pch.h.fast -c Vtb_chip_vm_classes_1.cpp
c++  --std=c++20 -DVL_TIME_CONTEXT -I.  -MMD -I/root/.local/lib/python3.12/site-packages/verilator/include -I/root/.local/lib/python3.12/site-packages/verilator/include/vltstd -DVERILATOR=1 -DVM_COVERAGE=0 -DVM_SC=0 -DVM_TIMING=1 -DVM_TRACE=0 -DVM_TRACE_FST=0 -DVM_TRACE_VCD=0 -DVM_TRACE_SAIF=0     -DVL_TIME_CONTEXT    -include Vtb_chip__pch.h.slow -c Vtb_chip_vm_classes_Slow_0.cpp
c++  --std=c++20 -DVL_TIME_CONTEXT -I.  -MMD -I/root/.local/lib/python3.12/site-packages/verilator/include -I/root/.local/lib/python3.12/site-packages/verilator/include/vltstd -DVERILATOR=1 -DVM_COVERAGE=0 -DVM_SC=0 -DVM_TIMING=1 -DVM_TRACE=0 -DVM_TRACE_FST=0 -DVM_TRACE_VCD=0 -DVM_TRACE_SAIF=0     -DVL_TIME_CONTEXT    -include Vtb_chip__pch.h.slow -c Vtb_chip_vm_classes_Slow_1.cpp
c++  --std=c++20 -DVL_TIME_CONTEXT -I.  -MMD -I/root/.local/lib/python3.12/site-packages/verilator/include -I/root/.local/lib/python3.12/site-packages/verilator/include/vltstd -DVERILATOR=1 -DVM_COVERAGE=0 -DVM_SC=0 -DVM_TIMING=1 -DVM_TRACE=0 -DVM_TRACE_FST=0 -DVM_TRACE_VCD=0 -DVM_TRACE_SAIF=0     -DVL_TIME_CONTEXT    -include Vtb_chip__pch.h.slow -c Vtb_chip__Syms__Slow.cpp
c++    verilated.o verilated_timing.o verilated_threads.o Vtb_chip__ALL.a       -o Vtb_chip
rm Vtb_chip__ALL.verilator_deplist.tmp
make: Leaving directory '/workspace/scratch/1aa11c9270f0/veer-el2-ihp-fullchip/build/chip'
- V e r i l a t i o n   R e p o r t:  rev vUNKNOWN-built20260516-4e853d8
- Verilator: Built from 59.557 MB sources in 252 modules, into 13.173 MB in 21 C++ files needing 0.007 MB
- Verilator: Walltime 75.628 s (elab=0.876, cvt=5.937, bld=68.318); cpu 7.465 s on 2 threads; allocated 482.656 MB
